kernel,size,total instruction count,freedom to reorder,resource pressure,workitems,operand sum,total # of barriers hit,min instructions to barrier,max instructions to barrier,median instructions to barrier,min instructions executed by a work-item,max instructions executed by a work-item,median instructions executed by a work-item,max simd width,mean simd width,stdev simd width,granularity,barriers per instruction,instructions per operand,total memory footprint,90% memory footprint,global memory address entropy,local memory address entropy -- 1 LSBs skipped,local memory address entropy -- 2 LSBs skipped,local memory address entropy -- 3 LSBs skipped,local memory address entropy -- 4 LSBs skipped,local memory address entropy -- 5 LSBs skipped,local memory address entropy -- 6 LSBs skipped,local memory address entropy -- 7 LSBs skipped,local memory address entropy -- 8 LSBs skipped,local memory address entropy -- 9 LSBs skipped,local memory address entropy -- 10 LSBs skipped,total global memory accessed,total local memory accessed,total constant memory accessed,relative local memory usage,relative constant memory usage,total unique branch instructions,90% branch instructions,branch entropy (yokota),branch entropy (average linear),application,kernel_time,total_time,opcode,device
CLgen Kernel,tiny,652800.0,2.07143,14.0,21760.0,652800.0,0.0,30.0,30.0,30.0,30.0,30.0,30.0,1.0,1.0,0.0,4.59559e-05,0.0333333,1.0,1.0,1.0,0.0,0.0,0.0,0.0,0.0,0.0,0.0,0.0,0.0,0.0,0.0,43520.0,0.0,0.0,0.0,0.0,0.0,0.0,0.0,0.0,CLgen Kernel,76.039062,76.039062,0,p100
CLgen Kernel,tiny,652800.0,2.07143,14.0,21760.0,652800.0,0.0,30.0,30.0,30.0,30.0,30.0,30.0,1.0,1.0,0.0,4.59559e-05,0.0333333,1.0,1.0,1.0,0.0,0.0,0.0,0.0,0.0,0.0,0.0,0.0,0.0,0.0,0.0,43520.0,0.0,0.0,0.0,0.0,0.0,0.0,0.0,0.0,CLgen Kernel,71.503906,71.503906,0,p100
CLgen Kernel,tiny,652800.0,2.07143,14.0,21760.0,652800.0,0.0,30.0,30.0,30.0,30.0,30.0,30.0,1.0,1.0,0.0,4.59559e-05,0.0333333,1.0,1.0,1.0,0.0,0.0,0.0,0.0,0.0,0.0,0.0,0.0,0.0,0.0,0.0,43520.0,0.0,0.0,0.0,0.0,0.0,0.0,0.0,0.0,CLgen Kernel,71.929688,71.929688,0,p100
CLgen Kernel,tiny,652800.0,2.07143,14.0,21760.0,652800.0,0.0,30.0,30.0,30.0,30.0,30.0,30.0,1.0,1.0,0.0,4.59559e-05,0.0333333,1.0,1.0,1.0,0.0,0.0,0.0,0.0,0.0,0.0,0.0,0.0,0.0,0.0,0.0,43520.0,0.0,0.0,0.0,0.0,0.0,0.0,0.0,0.0,CLgen Kernel,72.652344,72.652344,0,p100
CLgen Kernel,tiny,652800.0,2.07143,14.0,21760.0,652800.0,0.0,30.0,30.0,30.0,30.0,30.0,30.0,1.0,1.0,0.0,4.59559e-05,0.0333333,1.0,1.0,1.0,0.0,0.0,0.0,0.0,0.0,0.0,0.0,0.0,0.0,0.0,0.0,43520.0,0.0,0.0,0.0,0.0,0.0,0.0,0.0,0.0,CLgen Kernel,72.609375,72.609375,0,p100
CLgen Kernel,tiny,652800.0,2.07143,14.0,21760.0,652800.0,0.0,30.0,30.0,30.0,30.0,30.0,30.0,1.0,1.0,0.0,4.59559e-05,0.0333333,1.0,1.0,1.0,0.0,0.0,0.0,0.0,0.0,0.0,0.0,0.0,0.0,0.0,0.0,43520.0,0.0,0.0,0.0,0.0,0.0,0.0,0.0,0.0,CLgen Kernel,71.839844,71.839844,0,p100
CLgen Kernel,tiny,652800.0,2.07143,14.0,21760.0,652800.0,0.0,30.0,30.0,30.0,30.0,30.0,30.0,1.0,1.0,0.0,4.59559e-05,0.0333333,1.0,1.0,1.0,0.0,0.0,0.0,0.0,0.0,0.0,0.0,0.0,0.0,0.0,0.0,43520.0,0.0,0.0,0.0,0.0,0.0,0.0,0.0,0.0,CLgen Kernel,72.28125,72.28125,0,p100
CLgen Kernel,tiny,652800.0,2.07143,14.0,21760.0,652800.0,0.0,30.0,30.0,30.0,30.0,30.0,30.0,1.0,1.0,0.0,4.59559e-05,0.0333333,1.0,1.0,1.0,0.0,0.0,0.0,0.0,0.0,0.0,0.0,0.0,0.0,0.0,0.0,43520.0,0.0,0.0,0.0,0.0,0.0,0.0,0.0,0.0,CLgen Kernel,71.992188,71.992188,0,p100
CLgen Kernel,tiny,652800.0,2.07143,14.0,21760.0,652800.0,0.0,30.0,30.0,30.0,30.0,30.0,30.0,1.0,1.0,0.0,4.59559e-05,0.0333333,1.0,1.0,1.0,0.0,0.0,0.0,0.0,0.0,0.0,0.0,0.0,0.0,0.0,0.0,43520.0,0.0,0.0,0.0,0.0,0.0,0.0,0.0,0.0,CLgen Kernel,73.773438,73.773438,0,p100
CLgen Kernel,tiny,652800.0,2.07143,14.0,21760.0,652800.0,0.0,30.0,30.0,30.0,30.0,30.0,30.0,1.0,1.0,0.0,4.59559e-05,0.0333333,1.0,1.0,1.0,0.0,0.0,0.0,0.0,0.0,0.0,0.0,0.0,0.0,0.0,0.0,43520.0,0.0,0.0,0.0,0.0,0.0,0.0,0.0,0.0,CLgen Kernel,72.175781,72.175781,0,p100
CLgen Kernel,large,79350.0,2.07143,14.0,2645.0,79350.0,0.0,30.0,30.0,30.0,30.0,30.0,30.0,1.0,1.0,0.0,0.000378072,0.0333333,1.0,1.0,1.0,0.0,0.0,0.0,0.0,0.0,0.0,0.0,0.0,0.0,0.0,0.0,5290.0,0.0,0.0,0.0,0.0,0.0,0.0,0.0,0.0,CLgen Kernel,33.609375,33.609375,0,p100
CLgen Kernel,large,79350.0,2.07143,14.0,2645.0,79350.0,0.0,30.0,30.0,30.0,30.0,30.0,30.0,1.0,1.0,0.0,0.000378072,0.0333333,1.0,1.0,1.0,0.0,0.0,0.0,0.0,0.0,0.0,0.0,0.0,0.0,0.0,0.0,5290.0,0.0,0.0,0.0,0.0,0.0,0.0,0.0,0.0,CLgen Kernel,32.441406,32.441406,0,p100
CLgen Kernel,large,79350.0,2.07143,14.0,2645.0,79350.0,0.0,30.0,30.0,30.0,30.0,30.0,30.0,1.0,1.0,0.0,0.000378072,0.0333333,1.0,1.0,1.0,0.0,0.0,0.0,0.0,0.0,0.0,0.0,0.0,0.0,0.0,0.0,5290.0,0.0,0.0,0.0,0.0,0.0,0.0,0.0,0.0,CLgen Kernel,32.515625,32.515625,0,p100
CLgen Kernel,large,79350.0,2.07143,14.0,2645.0,79350.0,0.0,30.0,30.0,30.0,30.0,30.0,30.0,1.0,1.0,0.0,0.000378072,0.0333333,1.0,1.0,1.0,0.0,0.0,0.0,0.0,0.0,0.0,0.0,0.0,0.0,0.0,0.0,5290.0,0.0,0.0,0.0,0.0,0.0,0.0,0.0,0.0,CLgen Kernel,34.019531,34.019531,0,p100
CLgen Kernel,large,79350.0,2.07143,14.0,2645.0,79350.0,0.0,30.0,30.0,30.0,30.0,30.0,30.0,1.0,1.0,0.0,0.000378072,0.0333333,1.0,1.0,1.0,0.0,0.0,0.0,0.0,0.0,0.0,0.0,0.0,0.0,0.0,0.0,5290.0,0.0,0.0,0.0,0.0,0.0,0.0,0.0,0.0,CLgen Kernel,34.851562,34.851562,0,p100
CLgen Kernel,large,79350.0,2.07143,14.0,2645.0,79350.0,0.0,30.0,30.0,30.0,30.0,30.0,30.0,1.0,1.0,0.0,0.000378072,0.0333333,1.0,1.0,1.0,0.0,0.0,0.0,0.0,0.0,0.0,0.0,0.0,0.0,0.0,0.0,5290.0,0.0,0.0,0.0,0.0,0.0,0.0,0.0,0.0,CLgen Kernel,33.800781,33.800781,0,p100
CLgen Kernel,large,79350.0,2.07143,14.0,2645.0,79350.0,0.0,30.0,30.0,30.0,30.0,30.0,30.0,1.0,1.0,0.0,0.000378072,0.0333333,1.0,1.0,1.0,0.0,0.0,0.0,0.0,0.0,0.0,0.0,0.0,0.0,0.0,0.0,5290.0,0.0,0.0,0.0,0.0,0.0,0.0,0.0,0.0,CLgen Kernel,33.789062,33.789062,0,p100
CLgen Kernel,large,79350.0,2.07143,14.0,2645.0,79350.0,0.0,30.0,30.0,30.0,30.0,30.0,30.0,1.0,1.0,0.0,0.000378072,0.0333333,1.0,1.0,1.0,0.0,0.0,0.0,0.0,0.0,0.0,0.0,0.0,0.0,0.0,0.0,5290.0,0.0,0.0,0.0,0.0,0.0,0.0,0.0,0.0,CLgen Kernel,33.613281,33.613281,0,p100
CLgen Kernel,large,79350.0,2.07143,14.0,2645.0,79350.0,0.0,30.0,30.0,30.0,30.0,30.0,30.0,1.0,1.0,0.0,0.000378072,0.0333333,1.0,1.0,1.0,0.0,0.0,0.0,0.0,0.0,0.0,0.0,0.0,0.0,0.0,0.0,5290.0,0.0,0.0,0.0,0.0,0.0,0.0,0.0,0.0,CLgen Kernel,33.496094,33.496094,0,p100
CLgen Kernel,large,79350.0,2.07143,14.0,2645.0,79350.0,0.0,30.0,30.0,30.0,30.0,30.0,30.0,1.0,1.0,0.0,0.000378072,0.0333333,1.0,1.0,1.0,0.0,0.0,0.0,0.0,0.0,0.0,0.0,0.0,0.0,0.0,0.0,5290.0,0.0,0.0,0.0,0.0,0.0,0.0,0.0,0.0,CLgen Kernel,34.183594,34.183594,0,p100
CLgen Kernel,tiny,533120.0,2.15,10.0,21760.0,533120.0,0.0,20.0,29.0,24.0,20.0,29.0,24.0,1.0,1.0,0.0,4.59559e-05,0.0408163,1.0,1.0,1.0,0.0,0.0,0.0,0.0,0.0,0.0,0.0,0.0,0.0,0.0,0.0,10880.0,0.0,0.0,0.0,0.0,1.0,1.0,0.0,0.0,CLgen Kernel,71.621094,71.621094,0,p100
CLgen Kernel,tiny,533120.0,2.15,10.0,21760.0,533120.0,0.0,20.0,29.0,24.0,20.0,29.0,24.0,1.0,1.0,0.0,4.59559e-05,0.0408163,1.0,1.0,1.0,0.0,0.0,0.0,0.0,0.0,0.0,0.0,0.0,0.0,0.0,0.0,10880.0,0.0,0.0,0.0,0.0,1.0,1.0,0.0,0.0,CLgen Kernel,65.316406,65.316406,0,p100
CLgen Kernel,tiny,533120.0,2.15,10.0,21760.0,533120.0,0.0,20.0,29.0,24.0,20.0,29.0,24.0,1.0,1.0,0.0,4.59559e-05,0.0408163,1.0,1.0,1.0,0.0,0.0,0.0,0.0,0.0,0.0,0.0,0.0,0.0,0.0,0.0,10880.0,0.0,0.0,0.0,0.0,1.0,1.0,0.0,0.0,CLgen Kernel,65.898438,65.898438,0,p100
CLgen Kernel,tiny,533120.0,2.15,10.0,21760.0,533120.0,0.0,20.0,29.0,24.0,20.0,29.0,24.0,1.0,1.0,0.0,4.59559e-05,0.0408163,1.0,1.0,1.0,0.0,0.0,0.0,0.0,0.0,0.0,0.0,0.0,0.0,0.0,0.0,10880.0,0.0,0.0,0.0,0.0,1.0,1.0,0.0,0.0,CLgen Kernel,65.734375,65.734375,0,p100
CLgen Kernel,tiny,533120.0,2.15,10.0,21760.0,533120.0,0.0,20.0,29.0,24.0,20.0,29.0,24.0,1.0,1.0,0.0,4.59559e-05,0.0408163,1.0,1.0,1.0,0.0,0.0,0.0,0.0,0.0,0.0,0.0,0.0,0.0,0.0,0.0,10880.0,0.0,0.0,0.0,0.0,1.0,1.0,0.0,0.0,CLgen Kernel,69.671875,69.671875,0,p100
CLgen Kernel,tiny,533120.0,2.15,10.0,21760.0,533120.0,0.0,20.0,29.0,24.0,20.0,29.0,24.0,1.0,1.0,0.0,4.59559e-05,0.0408163,1.0,1.0,1.0,0.0,0.0,0.0,0.0,0.0,0.0,0.0,0.0,0.0,0.0,0.0,10880.0,0.0,0.0,0.0,0.0,1.0,1.0,0.0,0.0,CLgen Kernel,68.964844,68.964844,0,p100
CLgen Kernel,tiny,533120.0,2.15,10.0,21760.0,533120.0,0.0,20.0,29.0,24.0,20.0,29.0,24.0,1.0,1.0,0.0,4.59559e-05,0.0408163,1.0,1.0,1.0,0.0,0.0,0.0,0.0,0.0,0.0,0.0,0.0,0.0,0.0,0.0,10880.0,0.0,0.0,0.0,0.0,1.0,1.0,0.0,0.0,CLgen Kernel,67.75,67.75,0,p100
CLgen Kernel,tiny,533120.0,2.15,10.0,21760.0,533120.0,0.0,20.0,29.0,24.0,20.0,29.0,24.0,1.0,1.0,0.0,4.59559e-05,0.0408163,1.0,1.0,1.0,0.0,0.0,0.0,0.0,0.0,0.0,0.0,0.0,0.0,0.0,0.0,10880.0,0.0,0.0,0.0,0.0,1.0,1.0,0.0,0.0,CLgen Kernel,69.039062,69.039062,0,p100
CLgen Kernel,tiny,533120.0,2.15,10.0,21760.0,533120.0,0.0,20.0,29.0,24.0,20.0,29.0,24.0,1.0,1.0,0.0,4.59559e-05,0.0408163,1.0,1.0,1.0,0.0,0.0,0.0,0.0,0.0,0.0,0.0,0.0,0.0,0.0,0.0,10880.0,0.0,0.0,0.0,0.0,1.0,1.0,0.0,0.0,CLgen Kernel,69.445312,69.445312,0,p100
CLgen Kernel,tiny,533120.0,2.15,10.0,21760.0,533120.0,0.0,20.0,29.0,24.0,20.0,29.0,24.0,1.0,1.0,0.0,4.59559e-05,0.0408163,1.0,1.0,1.0,0.0,0.0,0.0,0.0,0.0,0.0,0.0,0.0,0.0,0.0,0.0,10880.0,0.0,0.0,0.0,0.0,1.0,1.0,0.0,0.0,CLgen Kernel,70.992188,70.992188,0,p100
CLgen Kernel,large,64798.0,2.14995,9.99924,2645.0,64798.0,0.0,20.0,29.0,20.0,20.0,29.0,20.0,1.0,1.0,0.0,0.000378072,0.040819199999999986,1.0,1.0,1.0,0.0,0.0,0.0,0.0,0.0,0.0,0.0,0.0,0.0,0.0,0.0,1322.0,0.0,0.0,0.0,0.0,1.0,1.0,0.0,0.0,CLgen Kernel,31.3125,31.3125,0,p100
CLgen Kernel,large,64798.0,2.14995,9.99924,2645.0,64798.0,0.0,20.0,29.0,20.0,20.0,29.0,20.0,1.0,1.0,0.0,0.000378072,0.040819199999999986,1.0,1.0,1.0,0.0,0.0,0.0,0.0,0.0,0.0,0.0,0.0,0.0,0.0,0.0,1322.0,0.0,0.0,0.0,0.0,1.0,1.0,0.0,0.0,CLgen Kernel,30.132812,30.132812,0,p100
CLgen Kernel,large,64798.0,2.14995,9.99924,2645.0,64798.0,0.0,20.0,29.0,20.0,20.0,29.0,20.0,1.0,1.0,0.0,0.000378072,0.040819199999999986,1.0,1.0,1.0,0.0,0.0,0.0,0.0,0.0,0.0,0.0,0.0,0.0,0.0,0.0,1322.0,0.0,0.0,0.0,0.0,1.0,1.0,0.0,0.0,CLgen Kernel,29.957031,29.957031,0,p100
CLgen Kernel,large,64798.0,2.14995,9.99924,2645.0,64798.0,0.0,20.0,29.0,20.0,20.0,29.0,20.0,1.0,1.0,0.0,0.000378072,0.040819199999999986,1.0,1.0,1.0,0.0,0.0,0.0,0.0,0.0,0.0,0.0,0.0,0.0,0.0,0.0,1322.0,0.0,0.0,0.0,0.0,1.0,1.0,0.0,0.0,CLgen Kernel,30.140625,30.140625,0,p100
CLgen Kernel,large,64798.0,2.14995,9.99924,2645.0,64798.0,0.0,20.0,29.0,20.0,20.0,29.0,20.0,1.0,1.0,0.0,0.000378072,0.040819199999999986,1.0,1.0,1.0,0.0,0.0,0.0,0.0,0.0,0.0,0.0,0.0,0.0,0.0,0.0,1322.0,0.0,0.0,0.0,0.0,1.0,1.0,0.0,0.0,CLgen Kernel,33.757812,33.757812,0,p100
CLgen Kernel,large,64798.0,2.14995,9.99924,2645.0,64798.0,0.0,20.0,29.0,20.0,20.0,29.0,20.0,1.0,1.0,0.0,0.000378072,0.040819199999999986,1.0,1.0,1.0,0.0,0.0,0.0,0.0,0.0,0.0,0.0,0.0,0.0,0.0,0.0,1322.0,0.0,0.0,0.0,0.0,1.0,1.0,0.0,0.0,CLgen Kernel,30.617188,30.617188,0,p100
CLgen Kernel,large,64798.0,2.14995,9.99924,2645.0,64798.0,0.0,20.0,29.0,20.0,20.0,29.0,20.0,1.0,1.0,0.0,0.000378072,0.040819199999999986,1.0,1.0,1.0,0.0,0.0,0.0,0.0,0.0,0.0,0.0,0.0,0.0,0.0,0.0,1322.0,0.0,0.0,0.0,0.0,1.0,1.0,0.0,0.0,CLgen Kernel,32.085938,32.085938,0,p100
CLgen Kernel,large,64798.0,2.14995,9.99924,2645.0,64798.0,0.0,20.0,29.0,20.0,20.0,29.0,20.0,1.0,1.0,0.0,0.000378072,0.040819199999999986,1.0,1.0,1.0,0.0,0.0,0.0,0.0,0.0,0.0,0.0,0.0,0.0,0.0,0.0,1322.0,0.0,0.0,0.0,0.0,1.0,1.0,0.0,0.0,CLgen Kernel,29.847656,29.847656,0,p100
CLgen Kernel,large,64798.0,2.14995,9.99924,2645.0,64798.0,0.0,20.0,29.0,20.0,20.0,29.0,20.0,1.0,1.0,0.0,0.000378072,0.040819199999999986,1.0,1.0,1.0,0.0,0.0,0.0,0.0,0.0,0.0,0.0,0.0,0.0,0.0,0.0,1322.0,0.0,0.0,0.0,0.0,1.0,1.0,0.0,0.0,CLgen Kernel,28.078125,28.078125,0,p100
CLgen Kernel,large,64798.0,2.14995,9.99924,2645.0,64798.0,0.0,20.0,29.0,20.0,20.0,29.0,20.0,1.0,1.0,0.0,0.000378072,0.040819199999999986,1.0,1.0,1.0,0.0,0.0,0.0,0.0,0.0,0.0,0.0,0.0,0.0,0.0,0.0,1322.0,0.0,0.0,0.0,0.0,1.0,1.0,0.0,0.0,CLgen Kernel,31.890625,31.890625,0,p100
CLgen Kernel,tiny,609280.0,2.25,12.0,21760.0,609280.0,0.0,28.0,28.0,28.0,28.0,28.0,28.0,1.0,1.0,0.0,4.59559e-05,0.035714300000000004,1.0,1.0,1.0,0.0,0.0,0.0,0.0,0.0,0.0,0.0,0.0,0.0,0.0,0.0,21760.0,0.0,0.0,0.0,0.0,0.0,0.0,0.0,0.0,CLgen Kernel,67.117188,67.117188,0,p100
CLgen Kernel,tiny,609280.0,2.25,12.0,21760.0,609280.0,0.0,28.0,28.0,28.0,28.0,28.0,28.0,1.0,1.0,0.0,4.59559e-05,0.035714300000000004,1.0,1.0,1.0,0.0,0.0,0.0,0.0,0.0,0.0,0.0,0.0,0.0,0.0,0.0,21760.0,0.0,0.0,0.0,0.0,0.0,0.0,0.0,0.0,CLgen Kernel,69.464844,69.464844,0,p100
CLgen Kernel,tiny,609280.0,2.25,12.0,21760.0,609280.0,0.0,28.0,28.0,28.0,28.0,28.0,28.0,1.0,1.0,0.0,4.59559e-05,0.035714300000000004,1.0,1.0,1.0,0.0,0.0,0.0,0.0,0.0,0.0,0.0,0.0,0.0,0.0,0.0,21760.0,0.0,0.0,0.0,0.0,0.0,0.0,0.0,0.0,CLgen Kernel,68.539062,68.539062,0,p100
CLgen Kernel,tiny,609280.0,2.25,12.0,21760.0,609280.0,0.0,28.0,28.0,28.0,28.0,28.0,28.0,1.0,1.0,0.0,4.59559e-05,0.035714300000000004,1.0,1.0,1.0,0.0,0.0,0.0,0.0,0.0,0.0,0.0,0.0,0.0,0.0,0.0,21760.0,0.0,0.0,0.0,0.0,0.0,0.0,0.0,0.0,CLgen Kernel,68.054688,68.054688,0,p100
CLgen Kernel,tiny,609280.0,2.25,12.0,21760.0,609280.0,0.0,28.0,28.0,28.0,28.0,28.0,28.0,1.0,1.0,0.0,4.59559e-05,0.035714300000000004,1.0,1.0,1.0,0.0,0.0,0.0,0.0,0.0,0.0,0.0,0.0,0.0,0.0,0.0,21760.0,0.0,0.0,0.0,0.0,0.0,0.0,0.0,0.0,CLgen Kernel,66.492188,66.492188,0,p100
CLgen Kernel,tiny,609280.0,2.25,12.0,21760.0,609280.0,0.0,28.0,28.0,28.0,28.0,28.0,28.0,1.0,1.0,0.0,4.59559e-05,0.035714300000000004,1.0,1.0,1.0,0.0,0.0,0.0,0.0,0.0,0.0,0.0,0.0,0.0,0.0,0.0,21760.0,0.0,0.0,0.0,0.0,0.0,0.0,0.0,0.0,CLgen Kernel,68.765625,68.765625,0,p100
CLgen Kernel,tiny,609280.0,2.25,12.0,21760.0,609280.0,0.0,28.0,28.0,28.0,28.0,28.0,28.0,1.0,1.0,0.0,4.59559e-05,0.035714300000000004,1.0,1.0,1.0,0.0,0.0,0.0,0.0,0.0,0.0,0.0,0.0,0.0,0.0,0.0,21760.0,0.0,0.0,0.0,0.0,0.0,0.0,0.0,0.0,CLgen Kernel,68.121094,68.121094,0,p100
CLgen Kernel,tiny,609280.0,2.25,12.0,21760.0,609280.0,0.0,28.0,28.0,28.0,28.0,28.0,28.0,1.0,1.0,0.0,4.59559e-05,0.035714300000000004,1.0,1.0,1.0,0.0,0.0,0.0,0.0,0.0,0.0,0.0,0.0,0.0,0.0,0.0,21760.0,0.0,0.0,0.0,0.0,0.0,0.0,0.0,0.0,CLgen Kernel,68.332031,68.332031,0,p100
CLgen Kernel,tiny,609280.0,2.25,12.0,21760.0,609280.0,0.0,28.0,28.0,28.0,28.0,28.0,28.0,1.0,1.0,0.0,4.59559e-05,0.035714300000000004,1.0,1.0,1.0,0.0,0.0,0.0,0.0,0.0,0.0,0.0,0.0,0.0,0.0,0.0,21760.0,0.0,0.0,0.0,0.0,0.0,0.0,0.0,0.0,CLgen Kernel,65.5,65.5,0,p100
CLgen Kernel,tiny,609280.0,2.25,12.0,21760.0,609280.0,0.0,28.0,28.0,28.0,28.0,28.0,28.0,1.0,1.0,0.0,4.59559e-05,0.035714300000000004,1.0,1.0,1.0,0.0,0.0,0.0,0.0,0.0,0.0,0.0,0.0,0.0,0.0,0.0,21760.0,0.0,0.0,0.0,0.0,0.0,0.0,0.0,0.0,CLgen Kernel,65.84375,65.84375,0,p100
CLgen Kernel,small,74060.0,2.25,12.0,2645.0,74060.0,0.0,28.0,28.0,28.0,28.0,28.0,28.0,1.0,1.0,0.0,0.000378072,0.035714300000000004,1.0,1.0,1.0,0.0,0.0,0.0,0.0,0.0,0.0,0.0,0.0,0.0,0.0,0.0,2645.0,0.0,0.0,0.0,0.0,0.0,0.0,0.0,0.0,CLgen Kernel,29.785156,29.785156,0,p100
CLgen Kernel,small,74060.0,2.25,12.0,2645.0,74060.0,0.0,28.0,28.0,28.0,28.0,28.0,28.0,1.0,1.0,0.0,0.000378072,0.035714300000000004,1.0,1.0,1.0,0.0,0.0,0.0,0.0,0.0,0.0,0.0,0.0,0.0,0.0,0.0,2645.0,0.0,0.0,0.0,0.0,0.0,0.0,0.0,0.0,CLgen Kernel,27.792969,27.792969,0,p100
CLgen Kernel,small,74060.0,2.25,12.0,2645.0,74060.0,0.0,28.0,28.0,28.0,28.0,28.0,28.0,1.0,1.0,0.0,0.000378072,0.035714300000000004,1.0,1.0,1.0,0.0,0.0,0.0,0.0,0.0,0.0,0.0,0.0,0.0,0.0,0.0,2645.0,0.0,0.0,0.0,0.0,0.0,0.0,0.0,0.0,CLgen Kernel,27.570312,27.570312,0,p100
CLgen Kernel,small,74060.0,2.25,12.0,2645.0,74060.0,0.0,28.0,28.0,28.0,28.0,28.0,28.0,1.0,1.0,0.0,0.000378072,0.035714300000000004,1.0,1.0,1.0,0.0,0.0,0.0,0.0,0.0,0.0,0.0,0.0,0.0,0.0,0.0,2645.0,0.0,0.0,0.0,0.0,0.0,0.0,0.0,0.0,CLgen Kernel,27.277344,27.277344,0,p100
CLgen Kernel,small,74060.0,2.25,12.0,2645.0,74060.0,0.0,28.0,28.0,28.0,28.0,28.0,28.0,1.0,1.0,0.0,0.000378072,0.035714300000000004,1.0,1.0,1.0,0.0,0.0,0.0,0.0,0.0,0.0,0.0,0.0,0.0,0.0,0.0,2645.0,0.0,0.0,0.0,0.0,0.0,0.0,0.0,0.0,CLgen Kernel,31.171875,31.171875,0,p100
CLgen Kernel,small,74060.0,2.25,12.0,2645.0,74060.0,0.0,28.0,28.0,28.0,28.0,28.0,28.0,1.0,1.0,0.0,0.000378072,0.035714300000000004,1.0,1.0,1.0,0.0,0.0,0.0,0.0,0.0,0.0,0.0,0.0,0.0,0.0,0.0,2645.0,0.0,0.0,0.0,0.0,0.0,0.0,0.0,0.0,CLgen Kernel,27.164062,27.164062,0,p100
CLgen Kernel,small,74060.0,2.25,12.0,2645.0,74060.0,0.0,28.0,28.0,28.0,28.0,28.0,28.0,1.0,1.0,0.0,0.000378072,0.035714300000000004,1.0,1.0,1.0,0.0,0.0,0.0,0.0,0.0,0.0,0.0,0.0,0.0,0.0,0.0,2645.0,0.0,0.0,0.0,0.0,0.0,0.0,0.0,0.0,CLgen Kernel,27.382812,27.382812,0,p100
CLgen Kernel,small,74060.0,2.25,12.0,2645.0,74060.0,0.0,28.0,28.0,28.0,28.0,28.0,28.0,1.0,1.0,0.0,0.000378072,0.035714300000000004,1.0,1.0,1.0,0.0,0.0,0.0,0.0,0.0,0.0,0.0,0.0,0.0,0.0,0.0,2645.0,0.0,0.0,0.0,0.0,0.0,0.0,0.0,0.0,CLgen Kernel,27.53125,27.53125,0,p100
CLgen Kernel,small,74060.0,2.25,12.0,2645.0,74060.0,0.0,28.0,28.0,28.0,28.0,28.0,28.0,1.0,1.0,0.0,0.000378072,0.035714300000000004,1.0,1.0,1.0,0.0,0.0,0.0,0.0,0.0,0.0,0.0,0.0,0.0,0.0,0.0,2645.0,0.0,0.0,0.0,0.0,0.0,0.0,0.0,0.0,CLgen Kernel,28.761719,28.761719,0,p100
CLgen Kernel,small,74060.0,2.25,12.0,2645.0,74060.0,0.0,28.0,28.0,28.0,28.0,28.0,28.0,1.0,1.0,0.0,0.000378072,0.035714300000000004,1.0,1.0,1.0,0.0,0.0,0.0,0.0,0.0,0.0,0.0,0.0,0.0,0.0,0.0,2645.0,0.0,0.0,0.0,0.0,0.0,0.0,0.0,0.0,CLgen Kernel,28.269531,28.269531,0,p100
CLgen Kernel,medium,74060.0,2.25,12.0,2645.0,74060.0,0.0,28.0,28.0,28.0,28.0,28.0,28.0,1.0,1.0,0.0,0.000378072,0.035714300000000004,1.0,1.0,1.0,0.0,0.0,0.0,0.0,0.0,0.0,0.0,0.0,0.0,0.0,0.0,2645.0,0.0,0.0,0.0,0.0,0.0,0.0,0.0,0.0,CLgen Kernel,27.332031,27.332031,0,p100
CLgen Kernel,medium,74060.0,2.25,12.0,2645.0,74060.0,0.0,28.0,28.0,28.0,28.0,28.0,28.0,1.0,1.0,0.0,0.000378072,0.035714300000000004,1.0,1.0,1.0,0.0,0.0,0.0,0.0,0.0,0.0,0.0,0.0,0.0,0.0,0.0,2645.0,0.0,0.0,0.0,0.0,0.0,0.0,0.0,0.0,CLgen Kernel,28.324219,28.324219,0,p100
CLgen Kernel,medium,74060.0,2.25,12.0,2645.0,74060.0,0.0,28.0,28.0,28.0,28.0,28.0,28.0,1.0,1.0,0.0,0.000378072,0.035714300000000004,1.0,1.0,1.0,0.0,0.0,0.0,0.0,0.0,0.0,0.0,0.0,0.0,0.0,0.0,2645.0,0.0,0.0,0.0,0.0,0.0,0.0,0.0,0.0,CLgen Kernel,28.027344,28.027344,0,p100
CLgen Kernel,medium,74060.0,2.25,12.0,2645.0,74060.0,0.0,28.0,28.0,28.0,28.0,28.0,28.0,1.0,1.0,0.0,0.000378072,0.035714300000000004,1.0,1.0,1.0,0.0,0.0,0.0,0.0,0.0,0.0,0.0,0.0,0.0,0.0,0.0,2645.0,0.0,0.0,0.0,0.0,0.0,0.0,0.0,0.0,CLgen Kernel,28.730469,28.730469,0,p100
CLgen Kernel,medium,74060.0,2.25,12.0,2645.0,74060.0,0.0,28.0,28.0,28.0,28.0,28.0,28.0,1.0,1.0,0.0,0.000378072,0.035714300000000004,1.0,1.0,1.0,0.0,0.0,0.0,0.0,0.0,0.0,0.0,0.0,0.0,0.0,0.0,2645.0,0.0,0.0,0.0,0.0,0.0,0.0,0.0,0.0,CLgen Kernel,32.0,32.0,0,p100
CLgen Kernel,medium,74060.0,2.25,12.0,2645.0,74060.0,0.0,28.0,28.0,28.0,28.0,28.0,28.0,1.0,1.0,0.0,0.000378072,0.035714300000000004,1.0,1.0,1.0,0.0,0.0,0.0,0.0,0.0,0.0,0.0,0.0,0.0,0.0,0.0,2645.0,0.0,0.0,0.0,0.0,0.0,0.0,0.0,0.0,CLgen Kernel,29.136719,29.136719,0,p100
CLgen Kernel,medium,74060.0,2.25,12.0,2645.0,74060.0,0.0,28.0,28.0,28.0,28.0,28.0,28.0,1.0,1.0,0.0,0.000378072,0.035714300000000004,1.0,1.0,1.0,0.0,0.0,0.0,0.0,0.0,0.0,0.0,0.0,0.0,0.0,0.0,2645.0,0.0,0.0,0.0,0.0,0.0,0.0,0.0,0.0,CLgen Kernel,30.835938,30.835938,0,p100
CLgen Kernel,medium,74060.0,2.25,12.0,2645.0,74060.0,0.0,28.0,28.0,28.0,28.0,28.0,28.0,1.0,1.0,0.0,0.000378072,0.035714300000000004,1.0,1.0,1.0,0.0,0.0,0.0,0.0,0.0,0.0,0.0,0.0,0.0,0.0,0.0,2645.0,0.0,0.0,0.0,0.0,0.0,0.0,0.0,0.0,CLgen Kernel,28.898438,28.898438,0,p100
CLgen Kernel,medium,74060.0,2.25,12.0,2645.0,74060.0,0.0,28.0,28.0,28.0,28.0,28.0,28.0,1.0,1.0,0.0,0.000378072,0.035714300000000004,1.0,1.0,1.0,0.0,0.0,0.0,0.0,0.0,0.0,0.0,0.0,0.0,0.0,0.0,2645.0,0.0,0.0,0.0,0.0,0.0,0.0,0.0,0.0,CLgen Kernel,30.921875,30.921875,0,p100
CLgen Kernel,medium,74060.0,2.25,12.0,2645.0,74060.0,0.0,28.0,28.0,28.0,28.0,28.0,28.0,1.0,1.0,0.0,0.000378072,0.035714300000000004,1.0,1.0,1.0,0.0,0.0,0.0,0.0,0.0,0.0,0.0,0.0,0.0,0.0,0.0,2645.0,0.0,0.0,0.0,0.0,0.0,0.0,0.0,0.0,CLgen Kernel,28.484375,28.484375,0,p100
CLgen Kernel,large,74060.0,2.25,12.0,2645.0,74060.0,0.0,28.0,28.0,28.0,28.0,28.0,28.0,1.0,1.0,0.0,0.000378072,0.035714300000000004,1.0,1.0,1.0,0.0,0.0,0.0,0.0,0.0,0.0,0.0,0.0,0.0,0.0,0.0,2645.0,0.0,0.0,0.0,0.0,0.0,0.0,0.0,0.0,CLgen Kernel,31.277344,31.277344,0,p100
CLgen Kernel,large,74060.0,2.25,12.0,2645.0,74060.0,0.0,28.0,28.0,28.0,28.0,28.0,28.0,1.0,1.0,0.0,0.000378072,0.035714300000000004,1.0,1.0,1.0,0.0,0.0,0.0,0.0,0.0,0.0,0.0,0.0,0.0,0.0,0.0,2645.0,0.0,0.0,0.0,0.0,0.0,0.0,0.0,0.0,CLgen Kernel,30.859375,30.859375,0,p100
CLgen Kernel,large,74060.0,2.25,12.0,2645.0,74060.0,0.0,28.0,28.0,28.0,28.0,28.0,28.0,1.0,1.0,0.0,0.000378072,0.035714300000000004,1.0,1.0,1.0,0.0,0.0,0.0,0.0,0.0,0.0,0.0,0.0,0.0,0.0,0.0,2645.0,0.0,0.0,0.0,0.0,0.0,0.0,0.0,0.0,CLgen Kernel,32.578125,32.578125,0,p100
CLgen Kernel,large,74060.0,2.25,12.0,2645.0,74060.0,0.0,28.0,28.0,28.0,28.0,28.0,28.0,1.0,1.0,0.0,0.000378072,0.035714300000000004,1.0,1.0,1.0,0.0,0.0,0.0,0.0,0.0,0.0,0.0,0.0,0.0,0.0,0.0,2645.0,0.0,0.0,0.0,0.0,0.0,0.0,0.0,0.0,CLgen Kernel,30.285156,30.285156,0,p100
CLgen Kernel,large,74060.0,2.25,12.0,2645.0,74060.0,0.0,28.0,28.0,28.0,28.0,28.0,28.0,1.0,1.0,0.0,0.000378072,0.035714300000000004,1.0,1.0,1.0,0.0,0.0,0.0,0.0,0.0,0.0,0.0,0.0,0.0,0.0,0.0,2645.0,0.0,0.0,0.0,0.0,0.0,0.0,0.0,0.0,CLgen Kernel,30.125,30.125,0,p100
CLgen Kernel,large,74060.0,2.25,12.0,2645.0,74060.0,0.0,28.0,28.0,28.0,28.0,28.0,28.0,1.0,1.0,0.0,0.000378072,0.035714300000000004,1.0,1.0,1.0,0.0,0.0,0.0,0.0,0.0,0.0,0.0,0.0,0.0,0.0,0.0,2645.0,0.0,0.0,0.0,0.0,0.0,0.0,0.0,0.0,CLgen Kernel,27.832031,27.832031,0,p100
CLgen Kernel,large,74060.0,2.25,12.0,2645.0,74060.0,0.0,28.0,28.0,28.0,28.0,28.0,28.0,1.0,1.0,0.0,0.000378072,0.035714300000000004,1.0,1.0,1.0,0.0,0.0,0.0,0.0,0.0,0.0,0.0,0.0,0.0,0.0,0.0,2645.0,0.0,0.0,0.0,0.0,0.0,0.0,0.0,0.0,CLgen Kernel,31.222656,31.222656,0,p100
CLgen Kernel,large,74060.0,2.25,12.0,2645.0,74060.0,0.0,28.0,28.0,28.0,28.0,28.0,28.0,1.0,1.0,0.0,0.000378072,0.035714300000000004,1.0,1.0,1.0,0.0,0.0,0.0,0.0,0.0,0.0,0.0,0.0,0.0,0.0,0.0,2645.0,0.0,0.0,0.0,0.0,0.0,0.0,0.0,0.0,CLgen Kernel,31.242188,31.242188,0,p100
CLgen Kernel,large,74060.0,2.25,12.0,2645.0,74060.0,0.0,28.0,28.0,28.0,28.0,28.0,28.0,1.0,1.0,0.0,0.000378072,0.035714300000000004,1.0,1.0,1.0,0.0,0.0,0.0,0.0,0.0,0.0,0.0,0.0,0.0,0.0,0.0,2645.0,0.0,0.0,0.0,0.0,0.0,0.0,0.0,0.0,CLgen Kernel,30.859375,30.859375,0,p100
CLgen Kernel,large,74060.0,2.25,12.0,2645.0,74060.0,0.0,28.0,28.0,28.0,28.0,28.0,28.0,1.0,1.0,0.0,0.000378072,0.035714300000000004,1.0,1.0,1.0,0.0,0.0,0.0,0.0,0.0,0.0,0.0,0.0,0.0,0.0,0.0,2645.0,0.0,0.0,0.0,0.0,0.0,0.0,0.0,0.0,CLgen Kernel,31.34375,31.34375,0,p100
CLgen Kernel,tiny,456966.0,2.125,8.00014,21760.0,456966.0,0.0,21.0,27.0,21.0,21.0,27.0,21.0,1.0,1.0,0.0,4.59559e-05,0.047618400000000005,1.0,1.0,1.0,0.0,0.0,0.0,0.0,0.0,0.0,0.0,0.0,0.0,0.0,0.0,1.0,0.0,0.0,0.0,0.0,2.0,2.0,0.0,0.0,CLgen Kernel,66.1875,66.1875,0,p100
CLgen Kernel,tiny,456966.0,2.125,8.00014,21760.0,456966.0,0.0,21.0,27.0,21.0,21.0,27.0,21.0,1.0,1.0,0.0,4.59559e-05,0.047618400000000005,1.0,1.0,1.0,0.0,0.0,0.0,0.0,0.0,0.0,0.0,0.0,0.0,0.0,0.0,1.0,0.0,0.0,0.0,0.0,2.0,2.0,0.0,0.0,CLgen Kernel,63.94140600000001,63.94140600000001,0,p100
CLgen Kernel,tiny,456966.0,2.125,8.00014,21760.0,456966.0,0.0,21.0,27.0,21.0,21.0,27.0,21.0,1.0,1.0,0.0,4.59559e-05,0.047618400000000005,1.0,1.0,1.0,0.0,0.0,0.0,0.0,0.0,0.0,0.0,0.0,0.0,0.0,0.0,1.0,0.0,0.0,0.0,0.0,2.0,2.0,0.0,0.0,CLgen Kernel,65.65625,65.65625,0,p100
CLgen Kernel,tiny,456966.0,2.125,8.00014,21760.0,456966.0,0.0,21.0,27.0,21.0,21.0,27.0,21.0,1.0,1.0,0.0,4.59559e-05,0.047618400000000005,1.0,1.0,1.0,0.0,0.0,0.0,0.0,0.0,0.0,0.0,0.0,0.0,0.0,0.0,1.0,0.0,0.0,0.0,0.0,2.0,2.0,0.0,0.0,CLgen Kernel,66.1875,66.1875,0,p100
CLgen Kernel,tiny,456966.0,2.125,8.00014,21760.0,456966.0,0.0,21.0,27.0,21.0,21.0,27.0,21.0,1.0,1.0,0.0,4.59559e-05,0.047618400000000005,1.0,1.0,1.0,0.0,0.0,0.0,0.0,0.0,0.0,0.0,0.0,0.0,0.0,0.0,1.0,0.0,0.0,0.0,0.0,2.0,2.0,0.0,0.0,CLgen Kernel,64.230469,64.230469,0,p100
CLgen Kernel,tiny,456966.0,2.125,8.00014,21760.0,456966.0,0.0,21.0,27.0,21.0,21.0,27.0,21.0,1.0,1.0,0.0,4.59559e-05,0.047618400000000005,1.0,1.0,1.0,0.0,0.0,0.0,0.0,0.0,0.0,0.0,0.0,0.0,0.0,0.0,1.0,0.0,0.0,0.0,0.0,2.0,2.0,0.0,0.0,CLgen Kernel,64.644531,64.644531,0,p100
CLgen Kernel,tiny,456966.0,2.125,8.00014,21760.0,456966.0,0.0,21.0,27.0,21.0,21.0,27.0,21.0,1.0,1.0,0.0,4.59559e-05,0.047618400000000005,1.0,1.0,1.0,0.0,0.0,0.0,0.0,0.0,0.0,0.0,0.0,0.0,0.0,0.0,1.0,0.0,0.0,0.0,0.0,2.0,2.0,0.0,0.0,CLgen Kernel,64.847656,64.847656,0,p100
CLgen Kernel,tiny,456966.0,2.125,8.00014,21760.0,456966.0,0.0,21.0,27.0,21.0,21.0,27.0,21.0,1.0,1.0,0.0,4.59559e-05,0.047618400000000005,1.0,1.0,1.0,0.0,0.0,0.0,0.0,0.0,0.0,0.0,0.0,0.0,0.0,0.0,1.0,0.0,0.0,0.0,0.0,2.0,2.0,0.0,0.0,CLgen Kernel,65.550781,65.550781,0,p100
CLgen Kernel,tiny,456966.0,2.125,8.00014,21760.0,456966.0,0.0,21.0,27.0,21.0,21.0,27.0,21.0,1.0,1.0,0.0,4.59559e-05,0.047618400000000005,1.0,1.0,1.0,0.0,0.0,0.0,0.0,0.0,0.0,0.0,0.0,0.0,0.0,0.0,1.0,0.0,0.0,0.0,0.0,2.0,2.0,0.0,0.0,CLgen Kernel,64.570312,64.570312,0,p100
CLgen Kernel,tiny,456966.0,2.125,8.00014,21760.0,456966.0,0.0,21.0,27.0,21.0,21.0,27.0,21.0,1.0,1.0,0.0,4.59559e-05,0.047618400000000005,1.0,1.0,1.0,0.0,0.0,0.0,0.0,0.0,0.0,0.0,0.0,0.0,0.0,0.0,1.0,0.0,0.0,0.0,0.0,2.0,2.0,0.0,0.0,CLgen Kernel,65.472656,65.472656,0,p100
CLgen Kernel,large,55551.0,2.12503,8.00113,2645.0,55551.0,0.0,21.0,27.0,21.0,21.0,27.0,21.0,1.0,1.0,0.0,0.000378072,0.0476139,1.0,1.0,1.0,0.0,0.0,0.0,0.0,0.0,0.0,0.0,0.0,0.0,0.0,0.0,1.0,0.0,0.0,0.0,0.0,2.0,2.0,0.0,0.0,CLgen Kernel,27.359375,27.359375,0,p100
CLgen Kernel,large,55551.0,2.12503,8.00113,2645.0,55551.0,0.0,21.0,27.0,21.0,21.0,27.0,21.0,1.0,1.0,0.0,0.000378072,0.0476139,1.0,1.0,1.0,0.0,0.0,0.0,0.0,0.0,0.0,0.0,0.0,0.0,0.0,0.0,1.0,0.0,0.0,0.0,0.0,2.0,2.0,0.0,0.0,CLgen Kernel,28.113281,28.113281,0,p100
CLgen Kernel,large,55551.0,2.12503,8.00113,2645.0,55551.0,0.0,21.0,27.0,21.0,21.0,27.0,21.0,1.0,1.0,0.0,0.000378072,0.0476139,1.0,1.0,1.0,0.0,0.0,0.0,0.0,0.0,0.0,0.0,0.0,0.0,0.0,0.0,1.0,0.0,0.0,0.0,0.0,2.0,2.0,0.0,0.0,CLgen Kernel,27.292969,27.292969,0,p100
CLgen Kernel,large,55551.0,2.12503,8.00113,2645.0,55551.0,0.0,21.0,27.0,21.0,21.0,27.0,21.0,1.0,1.0,0.0,0.000378072,0.0476139,1.0,1.0,1.0,0.0,0.0,0.0,0.0,0.0,0.0,0.0,0.0,0.0,0.0,0.0,1.0,0.0,0.0,0.0,0.0,2.0,2.0,0.0,0.0,CLgen Kernel,31.570312,31.570312,0,p100
CLgen Kernel,large,55551.0,2.12503,8.00113,2645.0,55551.0,0.0,21.0,27.0,21.0,21.0,27.0,21.0,1.0,1.0,0.0,0.000378072,0.0476139,1.0,1.0,1.0,0.0,0.0,0.0,0.0,0.0,0.0,0.0,0.0,0.0,0.0,0.0,1.0,0.0,0.0,0.0,0.0,2.0,2.0,0.0,0.0,CLgen Kernel,30.0625,30.0625,0,p100
CLgen Kernel,large,55551.0,2.12503,8.00113,2645.0,55551.0,0.0,21.0,27.0,21.0,21.0,27.0,21.0,1.0,1.0,0.0,0.000378072,0.0476139,1.0,1.0,1.0,0.0,0.0,0.0,0.0,0.0,0.0,0.0,0.0,0.0,0.0,0.0,1.0,0.0,0.0,0.0,0.0,2.0,2.0,0.0,0.0,CLgen Kernel,27.042969,27.042969,0,p100
CLgen Kernel,large,55551.0,2.12503,8.00113,2645.0,55551.0,0.0,21.0,27.0,21.0,21.0,27.0,21.0,1.0,1.0,0.0,0.000378072,0.0476139,1.0,1.0,1.0,0.0,0.0,0.0,0.0,0.0,0.0,0.0,0.0,0.0,0.0,0.0,1.0,0.0,0.0,0.0,0.0,2.0,2.0,0.0,0.0,CLgen Kernel,30.875,30.875,0,p100
CLgen Kernel,large,55551.0,2.12503,8.00113,2645.0,55551.0,0.0,21.0,27.0,21.0,21.0,27.0,21.0,1.0,1.0,0.0,0.000378072,0.0476139,1.0,1.0,1.0,0.0,0.0,0.0,0.0,0.0,0.0,0.0,0.0,0.0,0.0,0.0,1.0,0.0,0.0,0.0,0.0,2.0,2.0,0.0,0.0,CLgen Kernel,28.210938,28.210938,0,p100
CLgen Kernel,large,55551.0,2.12503,8.00113,2645.0,55551.0,0.0,21.0,27.0,21.0,21.0,27.0,21.0,1.0,1.0,0.0,0.000378072,0.0476139,1.0,1.0,1.0,0.0,0.0,0.0,0.0,0.0,0.0,0.0,0.0,0.0,0.0,0.0,1.0,0.0,0.0,0.0,0.0,2.0,2.0,0.0,0.0,CLgen Kernel,29.847656,29.847656,0,p100
CLgen Kernel,large,55551.0,2.12503,8.00113,2645.0,55551.0,0.0,21.0,27.0,21.0,21.0,27.0,21.0,1.0,1.0,0.0,0.000378072,0.0476139,1.0,1.0,1.0,0.0,0.0,0.0,0.0,0.0,0.0,0.0,0.0,0.0,0.0,0.0,1.0,0.0,0.0,0.0,0.0,2.0,2.0,0.0,0.0,CLgen Kernel,26.9375,26.9375,0,p100
CLgen Kernel,tiny,544007.0,2.22222,9.00023,21760.0,544007.0,0.0,25.0,31.0,25.0,25.0,31.0,25.0,1.0,1.0,0.0,4.59559e-05,0.0399995,1.0,1.0,1.0,0.0,0.0,0.0,0.0,0.0,0.0,0.0,0.0,0.0,0.0,0.0,1.0,0.0,0.0,0.0,0.0,3.0,3.0,0.0,0.0,CLgen Kernel,67.773438,67.773438,0,p100
CLgen Kernel,tiny,544007.0,2.22222,9.00023,21760.0,544007.0,0.0,25.0,31.0,25.0,25.0,31.0,25.0,1.0,1.0,0.0,4.59559e-05,0.0399995,1.0,1.0,1.0,0.0,0.0,0.0,0.0,0.0,0.0,0.0,0.0,0.0,0.0,0.0,1.0,0.0,0.0,0.0,0.0,3.0,3.0,0.0,0.0,CLgen Kernel,65.726562,65.726562,0,p100
CLgen Kernel,tiny,544007.0,2.22222,9.00023,21760.0,544007.0,0.0,25.0,31.0,25.0,25.0,31.0,25.0,1.0,1.0,0.0,4.59559e-05,0.0399995,1.0,1.0,1.0,0.0,0.0,0.0,0.0,0.0,0.0,0.0,0.0,0.0,0.0,0.0,1.0,0.0,0.0,0.0,0.0,3.0,3.0,0.0,0.0,CLgen Kernel,68.964844,68.964844,0,p100
CLgen Kernel,tiny,544007.0,2.22222,9.00023,21760.0,544007.0,0.0,25.0,31.0,25.0,25.0,31.0,25.0,1.0,1.0,0.0,4.59559e-05,0.0399995,1.0,1.0,1.0,0.0,0.0,0.0,0.0,0.0,0.0,0.0,0.0,0.0,0.0,0.0,1.0,0.0,0.0,0.0,0.0,3.0,3.0,0.0,0.0,CLgen Kernel,66.046875,66.046875,0,p100
CLgen Kernel,tiny,544007.0,2.22222,9.00023,21760.0,544007.0,0.0,25.0,31.0,25.0,25.0,31.0,25.0,1.0,1.0,0.0,4.59559e-05,0.0399995,1.0,1.0,1.0,0.0,0.0,0.0,0.0,0.0,0.0,0.0,0.0,0.0,0.0,0.0,1.0,0.0,0.0,0.0,0.0,3.0,3.0,0.0,0.0,CLgen Kernel,65.261719,65.261719,0,p100
CLgen Kernel,tiny,544007.0,2.22222,9.00023,21760.0,544007.0,0.0,25.0,31.0,25.0,25.0,31.0,25.0,1.0,1.0,0.0,4.59559e-05,0.0399995,1.0,1.0,1.0,0.0,0.0,0.0,0.0,0.0,0.0,0.0,0.0,0.0,0.0,0.0,1.0,0.0,0.0,0.0,0.0,3.0,3.0,0.0,0.0,CLgen Kernel,69.355469,69.355469,0,p100
CLgen Kernel,tiny,544007.0,2.22222,9.00023,21760.0,544007.0,0.0,25.0,31.0,25.0,25.0,31.0,25.0,1.0,1.0,0.0,4.59559e-05,0.0399995,1.0,1.0,1.0,0.0,0.0,0.0,0.0,0.0,0.0,0.0,0.0,0.0,0.0,0.0,1.0,0.0,0.0,0.0,0.0,3.0,3.0,0.0,0.0,CLgen Kernel,70.640625,70.640625,0,p100
CLgen Kernel,tiny,544007.0,2.22222,9.00023,21760.0,544007.0,0.0,25.0,31.0,25.0,25.0,31.0,25.0,1.0,1.0,0.0,4.59559e-05,0.0399995,1.0,1.0,1.0,0.0,0.0,0.0,0.0,0.0,0.0,0.0,0.0,0.0,0.0,0.0,1.0,0.0,0.0,0.0,0.0,3.0,3.0,0.0,0.0,CLgen Kernel,74.957031,74.957031,0,p100
CLgen Kernel,tiny,544007.0,2.22222,9.00023,21760.0,544007.0,0.0,25.0,31.0,25.0,25.0,31.0,25.0,1.0,1.0,0.0,4.59559e-05,0.0399995,1.0,1.0,1.0,0.0,0.0,0.0,0.0,0.0,0.0,0.0,0.0,0.0,0.0,0.0,1.0,0.0,0.0,0.0,0.0,3.0,3.0,0.0,0.0,CLgen Kernel,69.765625,69.765625,0,p100
CLgen Kernel,tiny,544007.0,2.22222,9.00023,21760.0,544007.0,0.0,25.0,31.0,25.0,25.0,31.0,25.0,1.0,1.0,0.0,4.59559e-05,0.0399995,1.0,1.0,1.0,0.0,0.0,0.0,0.0,0.0,0.0,0.0,0.0,0.0,0.0,0.0,1.0,0.0,0.0,0.0,0.0,3.0,3.0,0.0,0.0,CLgen Kernel,69.148438,69.148438,0,p100
CLgen Kernel,large,66132.0,2.22218,9.00189,2645.0,66132.0,0.0,25.0,31.0,25.0,25.0,31.0,25.0,1.0,1.0,0.0,0.000378072,0.039995800000000005,1.0,1.0,1.0,0.0,0.0,0.0,0.0,0.0,0.0,0.0,0.0,0.0,0.0,0.0,1.0,0.0,0.0,0.0,0.0,3.0,3.0,0.0,0.0,CLgen Kernel,31.019531,31.019531,0,p100
CLgen Kernel,large,66132.0,2.22218,9.00189,2645.0,66132.0,0.0,25.0,31.0,25.0,25.0,31.0,25.0,1.0,1.0,0.0,0.000378072,0.039995800000000005,1.0,1.0,1.0,0.0,0.0,0.0,0.0,0.0,0.0,0.0,0.0,0.0,0.0,0.0,1.0,0.0,0.0,0.0,0.0,3.0,3.0,0.0,0.0,CLgen Kernel,31.664062,31.664062,0,p100
CLgen Kernel,large,66132.0,2.22218,9.00189,2645.0,66132.0,0.0,25.0,31.0,25.0,25.0,31.0,25.0,1.0,1.0,0.0,0.000378072,0.039995800000000005,1.0,1.0,1.0,0.0,0.0,0.0,0.0,0.0,0.0,0.0,0.0,0.0,0.0,0.0,1.0,0.0,0.0,0.0,0.0,3.0,3.0,0.0,0.0,CLgen Kernel,31.824219,31.824219,0,p100
CLgen Kernel,large,66132.0,2.22218,9.00189,2645.0,66132.0,0.0,25.0,31.0,25.0,25.0,31.0,25.0,1.0,1.0,0.0,0.000378072,0.039995800000000005,1.0,1.0,1.0,0.0,0.0,0.0,0.0,0.0,0.0,0.0,0.0,0.0,0.0,0.0,1.0,0.0,0.0,0.0,0.0,3.0,3.0,0.0,0.0,CLgen Kernel,27.21875,27.21875,0,p100
CLgen Kernel,large,66132.0,2.22218,9.00189,2645.0,66132.0,0.0,25.0,31.0,25.0,25.0,31.0,25.0,1.0,1.0,0.0,0.000378072,0.039995800000000005,1.0,1.0,1.0,0.0,0.0,0.0,0.0,0.0,0.0,0.0,0.0,0.0,0.0,0.0,1.0,0.0,0.0,0.0,0.0,3.0,3.0,0.0,0.0,CLgen Kernel,30.480469,30.480469,0,p100
CLgen Kernel,large,66132.0,2.22218,9.00189,2645.0,66132.0,0.0,25.0,31.0,25.0,25.0,31.0,25.0,1.0,1.0,0.0,0.000378072,0.039995800000000005,1.0,1.0,1.0,0.0,0.0,0.0,0.0,0.0,0.0,0.0,0.0,0.0,0.0,0.0,1.0,0.0,0.0,0.0,0.0,3.0,3.0,0.0,0.0,CLgen Kernel,32.289062,32.289062,0,p100
CLgen Kernel,large,66132.0,2.22218,9.00189,2645.0,66132.0,0.0,25.0,31.0,25.0,25.0,31.0,25.0,1.0,1.0,0.0,0.000378072,0.039995800000000005,1.0,1.0,1.0,0.0,0.0,0.0,0.0,0.0,0.0,0.0,0.0,0.0,0.0,0.0,1.0,0.0,0.0,0.0,0.0,3.0,3.0,0.0,0.0,CLgen Kernel,31.398438,31.398438,0,p100
CLgen Kernel,large,66132.0,2.22218,9.00189,2645.0,66132.0,0.0,25.0,31.0,25.0,25.0,31.0,25.0,1.0,1.0,0.0,0.000378072,0.039995800000000005,1.0,1.0,1.0,0.0,0.0,0.0,0.0,0.0,0.0,0.0,0.0,0.0,0.0,0.0,1.0,0.0,0.0,0.0,0.0,3.0,3.0,0.0,0.0,CLgen Kernel,30.324219,30.324219,0,p100
CLgen Kernel,large,66132.0,2.22218,9.00189,2645.0,66132.0,0.0,25.0,31.0,25.0,25.0,31.0,25.0,1.0,1.0,0.0,0.000378072,0.039995800000000005,1.0,1.0,1.0,0.0,0.0,0.0,0.0,0.0,0.0,0.0,0.0,0.0,0.0,0.0,1.0,0.0,0.0,0.0,0.0,3.0,3.0,0.0,0.0,CLgen Kernel,29.539062,29.539062,0,p100
CLgen Kernel,large,66132.0,2.22218,9.00189,2645.0,66132.0,0.0,25.0,31.0,25.0,25.0,31.0,25.0,1.0,1.0,0.0,0.000378072,0.039995800000000005,1.0,1.0,1.0,0.0,0.0,0.0,0.0,0.0,0.0,0.0,0.0,0.0,0.0,0.0,1.0,0.0,0.0,0.0,0.0,3.0,3.0,0.0,0.0,CLgen Kernel,27.140625,27.140625,0,p100
CLgen Kernel,tiny,348166.0,2.16667,6.00014,21760.0,348166.0,0.0,16.0,22.0,16.0,16.0,22.0,16.0,1.0,1.0,0.0,4.59559e-05,0.0624989,1.0,1.0,1.0,0.0,0.0,0.0,0.0,0.0,0.0,0.0,0.0,0.0,0.0,0.0,1.0,0.0,0.0,0.0,0.0,1.0,1.0,0.0,0.0,CLgen Kernel,70.6875,70.6875,0,p100
CLgen Kernel,tiny,348166.0,2.16667,6.00014,21760.0,348166.0,0.0,16.0,22.0,16.0,16.0,22.0,16.0,1.0,1.0,0.0,4.59559e-05,0.0624989,1.0,1.0,1.0,0.0,0.0,0.0,0.0,0.0,0.0,0.0,0.0,0.0,0.0,0.0,1.0,0.0,0.0,0.0,0.0,1.0,1.0,0.0,0.0,CLgen Kernel,69.769531,69.769531,0,p100
CLgen Kernel,tiny,348166.0,2.16667,6.00014,21760.0,348166.0,0.0,16.0,22.0,16.0,16.0,22.0,16.0,1.0,1.0,0.0,4.59559e-05,0.0624989,1.0,1.0,1.0,0.0,0.0,0.0,0.0,0.0,0.0,0.0,0.0,0.0,0.0,0.0,1.0,0.0,0.0,0.0,0.0,1.0,1.0,0.0,0.0,CLgen Kernel,66.976562,66.976562,0,p100
CLgen Kernel,tiny,348166.0,2.16667,6.00014,21760.0,348166.0,0.0,16.0,22.0,16.0,16.0,22.0,16.0,1.0,1.0,0.0,4.59559e-05,0.0624989,1.0,1.0,1.0,0.0,0.0,0.0,0.0,0.0,0.0,0.0,0.0,0.0,0.0,0.0,1.0,0.0,0.0,0.0,0.0,1.0,1.0,0.0,0.0,CLgen Kernel,69.300781,69.300781,0,p100
CLgen Kernel,tiny,348166.0,2.16667,6.00014,21760.0,348166.0,0.0,16.0,22.0,16.0,16.0,22.0,16.0,1.0,1.0,0.0,4.59559e-05,0.0624989,1.0,1.0,1.0,0.0,0.0,0.0,0.0,0.0,0.0,0.0,0.0,0.0,0.0,0.0,1.0,0.0,0.0,0.0,0.0,1.0,1.0,0.0,0.0,CLgen Kernel,67.671875,67.671875,0,p100
CLgen Kernel,tiny,348166.0,2.16667,6.00014,21760.0,348166.0,0.0,16.0,22.0,16.0,16.0,22.0,16.0,1.0,1.0,0.0,4.59559e-05,0.0624989,1.0,1.0,1.0,0.0,0.0,0.0,0.0,0.0,0.0,0.0,0.0,0.0,0.0,0.0,1.0,0.0,0.0,0.0,0.0,1.0,1.0,0.0,0.0,CLgen Kernel,66.925781,66.925781,0,p100
CLgen Kernel,tiny,348166.0,2.16667,6.00014,21760.0,348166.0,0.0,16.0,22.0,16.0,16.0,22.0,16.0,1.0,1.0,0.0,4.59559e-05,0.0624989,1.0,1.0,1.0,0.0,0.0,0.0,0.0,0.0,0.0,0.0,0.0,0.0,0.0,0.0,1.0,0.0,0.0,0.0,0.0,1.0,1.0,0.0,0.0,CLgen Kernel,65.984375,65.984375,0,p100
CLgen Kernel,tiny,348166.0,2.16667,6.00014,21760.0,348166.0,0.0,16.0,22.0,16.0,16.0,22.0,16.0,1.0,1.0,0.0,4.59559e-05,0.0624989,1.0,1.0,1.0,0.0,0.0,0.0,0.0,0.0,0.0,0.0,0.0,0.0,0.0,0.0,1.0,0.0,0.0,0.0,0.0,1.0,1.0,0.0,0.0,CLgen Kernel,67.753906,67.753906,0,p100
CLgen Kernel,tiny,348166.0,2.16667,6.00014,21760.0,348166.0,0.0,16.0,22.0,16.0,16.0,22.0,16.0,1.0,1.0,0.0,4.59559e-05,0.0624989,1.0,1.0,1.0,0.0,0.0,0.0,0.0,0.0,0.0,0.0,0.0,0.0,0.0,0.0,1.0,0.0,0.0,0.0,0.0,1.0,1.0,0.0,0.0,CLgen Kernel,68.097656,68.097656,0,p100
CLgen Kernel,tiny,348166.0,2.16667,6.00014,21760.0,348166.0,0.0,16.0,22.0,16.0,16.0,22.0,16.0,1.0,1.0,0.0,4.59559e-05,0.0624989,1.0,1.0,1.0,0.0,0.0,0.0,0.0,0.0,0.0,0.0,0.0,0.0,0.0,0.0,1.0,0.0,0.0,0.0,0.0,1.0,1.0,0.0,0.0,CLgen Kernel,65.523438,65.523438,0,p100
CLgen Kernel,large,42326.0,2.1667,6.00113,2645.0,42326.0,0.0,16.0,22.0,16.0,16.0,22.0,16.0,1.0,1.0,0.0,0.000378072,0.0624911,1.0,1.0,1.0,0.0,0.0,0.0,0.0,0.0,0.0,0.0,0.0,0.0,0.0,0.0,1.0,0.0,0.0,0.0,0.0,1.0,1.0,0.0,0.0,CLgen Kernel,30.226562,30.226562,0,p100
CLgen Kernel,large,42326.0,2.1667,6.00113,2645.0,42326.0,0.0,16.0,22.0,16.0,16.0,22.0,16.0,1.0,1.0,0.0,0.000378072,0.0624911,1.0,1.0,1.0,0.0,0.0,0.0,0.0,0.0,0.0,0.0,0.0,0.0,0.0,0.0,1.0,0.0,0.0,0.0,0.0,1.0,1.0,0.0,0.0,CLgen Kernel,29.984375,29.984375,0,p100
CLgen Kernel,large,42326.0,2.1667,6.00113,2645.0,42326.0,0.0,16.0,22.0,16.0,16.0,22.0,16.0,1.0,1.0,0.0,0.000378072,0.0624911,1.0,1.0,1.0,0.0,0.0,0.0,0.0,0.0,0.0,0.0,0.0,0.0,0.0,0.0,1.0,0.0,0.0,0.0,0.0,1.0,1.0,0.0,0.0,CLgen Kernel,31.496094,31.496094,0,p100
CLgen Kernel,large,42326.0,2.1667,6.00113,2645.0,42326.0,0.0,16.0,22.0,16.0,16.0,22.0,16.0,1.0,1.0,0.0,0.000378072,0.0624911,1.0,1.0,1.0,0.0,0.0,0.0,0.0,0.0,0.0,0.0,0.0,0.0,0.0,0.0,1.0,0.0,0.0,0.0,0.0,1.0,1.0,0.0,0.0,CLgen Kernel,27.480469,27.480469,0,p100
CLgen Kernel,large,42326.0,2.1667,6.00113,2645.0,42326.0,0.0,16.0,22.0,16.0,16.0,22.0,16.0,1.0,1.0,0.0,0.000378072,0.0624911,1.0,1.0,1.0,0.0,0.0,0.0,0.0,0.0,0.0,0.0,0.0,0.0,0.0,0.0,1.0,0.0,0.0,0.0,0.0,1.0,1.0,0.0,0.0,CLgen Kernel,29.671875,29.671875,0,p100
CLgen Kernel,large,42326.0,2.1667,6.00113,2645.0,42326.0,0.0,16.0,22.0,16.0,16.0,22.0,16.0,1.0,1.0,0.0,0.000378072,0.0624911,1.0,1.0,1.0,0.0,0.0,0.0,0.0,0.0,0.0,0.0,0.0,0.0,0.0,0.0,1.0,0.0,0.0,0.0,0.0,1.0,1.0,0.0,0.0,CLgen Kernel,29.238281,29.238281,0,p100
CLgen Kernel,large,42326.0,2.1667,6.00113,2645.0,42326.0,0.0,16.0,22.0,16.0,16.0,22.0,16.0,1.0,1.0,0.0,0.000378072,0.0624911,1.0,1.0,1.0,0.0,0.0,0.0,0.0,0.0,0.0,0.0,0.0,0.0,0.0,0.0,1.0,0.0,0.0,0.0,0.0,1.0,1.0,0.0,0.0,CLgen Kernel,29.914062,29.914062,0,p100
CLgen Kernel,large,42326.0,2.1667,6.00113,2645.0,42326.0,0.0,16.0,22.0,16.0,16.0,22.0,16.0,1.0,1.0,0.0,0.000378072,0.0624911,1.0,1.0,1.0,0.0,0.0,0.0,0.0,0.0,0.0,0.0,0.0,0.0,0.0,0.0,1.0,0.0,0.0,0.0,0.0,1.0,1.0,0.0,0.0,CLgen Kernel,30.535156,30.535156,0,p100
CLgen Kernel,large,42326.0,2.1667,6.00113,2645.0,42326.0,0.0,16.0,22.0,16.0,16.0,22.0,16.0,1.0,1.0,0.0,0.000378072,0.0624911,1.0,1.0,1.0,0.0,0.0,0.0,0.0,0.0,0.0,0.0,0.0,0.0,0.0,0.0,1.0,0.0,0.0,0.0,0.0,1.0,1.0,0.0,0.0,CLgen Kernel,30.734375,30.734375,0,p100
CLgen Kernel,large,42326.0,2.1667,6.00113,2645.0,42326.0,0.0,16.0,22.0,16.0,16.0,22.0,16.0,1.0,1.0,0.0,0.000378072,0.0624911,1.0,1.0,1.0,0.0,0.0,0.0,0.0,0.0,0.0,0.0,0.0,0.0,0.0,0.0,1.0,0.0,0.0,0.0,0.0,1.0,1.0,0.0,0.0,CLgen Kernel,30.445312,30.445312,0,p100
CLgen Kernel,tiny,348180.0,2.16671,6.0003199999999985,21760.0,348180.0,0.0,16.0,29.0,16.0,16.0,29.0,16.0,1.0,1.0,0.0,4.59559e-05,0.062496400000000014,1.0,1.0,1.0,0.0,0.0,0.0,0.0,0.0,0.0,0.0,0.0,0.0,0.0,0.0,1.0,0.0,0.0,0.0,0.0,1.0,1.0,0.0,0.0,CLgen Kernel,67.28125,67.28125,0,p100
CLgen Kernel,tiny,348180.0,2.16671,6.0003199999999985,21760.0,348180.0,0.0,16.0,29.0,16.0,16.0,29.0,16.0,1.0,1.0,0.0,4.59559e-05,0.062496400000000014,1.0,1.0,1.0,0.0,0.0,0.0,0.0,0.0,0.0,0.0,0.0,0.0,0.0,0.0,1.0,0.0,0.0,0.0,0.0,1.0,1.0,0.0,0.0,CLgen Kernel,64.527344,64.527344,0,p100
CLgen Kernel,tiny,348180.0,2.16671,6.0003199999999985,21760.0,348180.0,0.0,16.0,29.0,16.0,16.0,29.0,16.0,1.0,1.0,0.0,4.59559e-05,0.062496400000000014,1.0,1.0,1.0,0.0,0.0,0.0,0.0,0.0,0.0,0.0,0.0,0.0,0.0,0.0,1.0,0.0,0.0,0.0,0.0,1.0,1.0,0.0,0.0,CLgen Kernel,67.199219,67.199219,0,p100
CLgen Kernel,tiny,348180.0,2.16671,6.0003199999999985,21760.0,348180.0,0.0,16.0,29.0,16.0,16.0,29.0,16.0,1.0,1.0,0.0,4.59559e-05,0.062496400000000014,1.0,1.0,1.0,0.0,0.0,0.0,0.0,0.0,0.0,0.0,0.0,0.0,0.0,0.0,1.0,0.0,0.0,0.0,0.0,1.0,1.0,0.0,0.0,CLgen Kernel,67.074219,67.074219,0,p100
CLgen Kernel,tiny,348180.0,2.16671,6.0003199999999985,21760.0,348180.0,0.0,16.0,29.0,16.0,16.0,29.0,16.0,1.0,1.0,0.0,4.59559e-05,0.062496400000000014,1.0,1.0,1.0,0.0,0.0,0.0,0.0,0.0,0.0,0.0,0.0,0.0,0.0,0.0,1.0,0.0,0.0,0.0,0.0,1.0,1.0,0.0,0.0,CLgen Kernel,65.980469,65.980469,0,p100
CLgen Kernel,tiny,348180.0,2.16671,6.0003199999999985,21760.0,348180.0,0.0,16.0,29.0,16.0,16.0,29.0,16.0,1.0,1.0,0.0,4.59559e-05,0.062496400000000014,1.0,1.0,1.0,0.0,0.0,0.0,0.0,0.0,0.0,0.0,0.0,0.0,0.0,0.0,1.0,0.0,0.0,0.0,0.0,1.0,1.0,0.0,0.0,CLgen Kernel,69.449219,69.449219,0,p100
CLgen Kernel,tiny,348180.0,2.16671,6.0003199999999985,21760.0,348180.0,0.0,16.0,29.0,16.0,16.0,29.0,16.0,1.0,1.0,0.0,4.59559e-05,0.062496400000000014,1.0,1.0,1.0,0.0,0.0,0.0,0.0,0.0,0.0,0.0,0.0,0.0,0.0,0.0,1.0,0.0,0.0,0.0,0.0,1.0,1.0,0.0,0.0,CLgen Kernel,70.285156,70.285156,0,p100
CLgen Kernel,tiny,348180.0,2.16671,6.0003199999999985,21760.0,348180.0,0.0,16.0,29.0,16.0,16.0,29.0,16.0,1.0,1.0,0.0,4.59559e-05,0.062496400000000014,1.0,1.0,1.0,0.0,0.0,0.0,0.0,0.0,0.0,0.0,0.0,0.0,0.0,0.0,1.0,0.0,0.0,0.0,0.0,1.0,1.0,0.0,0.0,CLgen Kernel,65.648438,65.648438,0,p100
CLgen Kernel,tiny,348180.0,2.16671,6.0003199999999985,21760.0,348180.0,0.0,16.0,29.0,16.0,16.0,29.0,16.0,1.0,1.0,0.0,4.59559e-05,0.062496400000000014,1.0,1.0,1.0,0.0,0.0,0.0,0.0,0.0,0.0,0.0,0.0,0.0,0.0,0.0,1.0,0.0,0.0,0.0,0.0,1.0,1.0,0.0,0.0,CLgen Kernel,70.199219,70.199219,0,p100
CLgen Kernel,tiny,348180.0,2.16671,6.0003199999999985,21760.0,348180.0,0.0,16.0,29.0,16.0,16.0,29.0,16.0,1.0,1.0,0.0,4.59559e-05,0.062496400000000014,1.0,1.0,1.0,0.0,0.0,0.0,0.0,0.0,0.0,0.0,0.0,0.0,0.0,0.0,1.0,0.0,0.0,0.0,0.0,1.0,1.0,0.0,0.0,CLgen Kernel,66.011719,66.011719,0,p100
CLgen Kernel,large,42340.0,2.16703,6.00265,2645.0,42340.0,0.0,16.0,29.0,16.0,16.0,29.0,16.0,1.0,1.0,0.0,0.000378072,0.06247050000000001,1.0,1.0,1.0,0.0,0.0,0.0,0.0,0.0,0.0,0.0,0.0,0.0,0.0,0.0,1.0,0.0,0.0,0.0,0.0,1.0,1.0,0.0,0.0,CLgen Kernel,27.527344,27.527344,0,p100
CLgen Kernel,large,42340.0,2.16703,6.00265,2645.0,42340.0,0.0,16.0,29.0,16.0,16.0,29.0,16.0,1.0,1.0,0.0,0.000378072,0.06247050000000001,1.0,1.0,1.0,0.0,0.0,0.0,0.0,0.0,0.0,0.0,0.0,0.0,0.0,0.0,1.0,0.0,0.0,0.0,0.0,1.0,1.0,0.0,0.0,CLgen Kernel,27.4375,27.4375,0,p100
CLgen Kernel,large,42340.0,2.16703,6.00265,2645.0,42340.0,0.0,16.0,29.0,16.0,16.0,29.0,16.0,1.0,1.0,0.0,0.000378072,0.06247050000000001,1.0,1.0,1.0,0.0,0.0,0.0,0.0,0.0,0.0,0.0,0.0,0.0,0.0,0.0,1.0,0.0,0.0,0.0,0.0,1.0,1.0,0.0,0.0,CLgen Kernel,27.203125,27.203125,0,p100
CLgen Kernel,large,42340.0,2.16703,6.00265,2645.0,42340.0,0.0,16.0,29.0,16.0,16.0,29.0,16.0,1.0,1.0,0.0,0.000378072,0.06247050000000001,1.0,1.0,1.0,0.0,0.0,0.0,0.0,0.0,0.0,0.0,0.0,0.0,0.0,0.0,1.0,0.0,0.0,0.0,0.0,1.0,1.0,0.0,0.0,CLgen Kernel,28.351562,28.351562,0,p100
CLgen Kernel,large,42340.0,2.16703,6.00265,2645.0,42340.0,0.0,16.0,29.0,16.0,16.0,29.0,16.0,1.0,1.0,0.0,0.000378072,0.06247050000000001,1.0,1.0,1.0,0.0,0.0,0.0,0.0,0.0,0.0,0.0,0.0,0.0,0.0,0.0,1.0,0.0,0.0,0.0,0.0,1.0,1.0,0.0,0.0,CLgen Kernel,28.328125,28.328125,0,p100
CLgen Kernel,large,42340.0,2.16703,6.00265,2645.0,42340.0,0.0,16.0,29.0,16.0,16.0,29.0,16.0,1.0,1.0,0.0,0.000378072,0.06247050000000001,1.0,1.0,1.0,0.0,0.0,0.0,0.0,0.0,0.0,0.0,0.0,0.0,0.0,0.0,1.0,0.0,0.0,0.0,0.0,1.0,1.0,0.0,0.0,CLgen Kernel,32.234375,32.234375,0,p100
CLgen Kernel,large,42340.0,2.16703,6.00265,2645.0,42340.0,0.0,16.0,29.0,16.0,16.0,29.0,16.0,1.0,1.0,0.0,0.000378072,0.06247050000000001,1.0,1.0,1.0,0.0,0.0,0.0,0.0,0.0,0.0,0.0,0.0,0.0,0.0,0.0,1.0,0.0,0.0,0.0,0.0,1.0,1.0,0.0,0.0,CLgen Kernel,29.332031,29.332031,0,p100
CLgen Kernel,large,42340.0,2.16703,6.00265,2645.0,42340.0,0.0,16.0,29.0,16.0,16.0,29.0,16.0,1.0,1.0,0.0,0.000378072,0.06247050000000001,1.0,1.0,1.0,0.0,0.0,0.0,0.0,0.0,0.0,0.0,0.0,0.0,0.0,0.0,1.0,0.0,0.0,0.0,0.0,1.0,1.0,0.0,0.0,CLgen Kernel,30.765625,30.765625,0,p100
CLgen Kernel,large,42340.0,2.16703,6.00265,2645.0,42340.0,0.0,16.0,29.0,16.0,16.0,29.0,16.0,1.0,1.0,0.0,0.000378072,0.06247050000000001,1.0,1.0,1.0,0.0,0.0,0.0,0.0,0.0,0.0,0.0,0.0,0.0,0.0,0.0,1.0,0.0,0.0,0.0,0.0,1.0,1.0,0.0,0.0,CLgen Kernel,30.113281,30.113281,0,p100
CLgen Kernel,large,42340.0,2.16703,6.00265,2645.0,42340.0,0.0,16.0,29.0,16.0,16.0,29.0,16.0,1.0,1.0,0.0,0.000378072,0.06247050000000001,1.0,1.0,1.0,0.0,0.0,0.0,0.0,0.0,0.0,0.0,0.0,0.0,0.0,0.0,1.0,0.0,0.0,0.0,0.0,1.0,1.0,0.0,0.0,CLgen Kernel,28.738281,28.738281,0,p100
CLgen Kernel,tiny,522240.0,2.1,10.0,21760.0,522240.0,0.0,20.0,28.0,24.0,20.0,28.0,24.0,1.0,1.0,0.0,4.59559e-05,0.0416667,1.0,1.0,1.0,0.0,0.0,0.0,0.0,0.0,0.0,0.0,0.0,0.0,0.0,0.0,10880.0,0.0,0.0,0.0,0.0,1.0,1.0,0.0,0.0,CLgen Kernel,72.296875,72.296875,0,p100
CLgen Kernel,tiny,522240.0,2.1,10.0,21760.0,522240.0,0.0,20.0,28.0,24.0,20.0,28.0,24.0,1.0,1.0,0.0,4.59559e-05,0.0416667,1.0,1.0,1.0,0.0,0.0,0.0,0.0,0.0,0.0,0.0,0.0,0.0,0.0,0.0,10880.0,0.0,0.0,0.0,0.0,1.0,1.0,0.0,0.0,CLgen Kernel,66.667969,66.667969,0,p100
CLgen Kernel,tiny,522240.0,2.1,10.0,21760.0,522240.0,0.0,20.0,28.0,24.0,20.0,28.0,24.0,1.0,1.0,0.0,4.59559e-05,0.0416667,1.0,1.0,1.0,0.0,0.0,0.0,0.0,0.0,0.0,0.0,0.0,0.0,0.0,0.0,10880.0,0.0,0.0,0.0,0.0,1.0,1.0,0.0,0.0,CLgen Kernel,65.957031,65.957031,0,p100
CLgen Kernel,tiny,522240.0,2.1,10.0,21760.0,522240.0,0.0,20.0,28.0,24.0,20.0,28.0,24.0,1.0,1.0,0.0,4.59559e-05,0.0416667,1.0,1.0,1.0,0.0,0.0,0.0,0.0,0.0,0.0,0.0,0.0,0.0,0.0,0.0,10880.0,0.0,0.0,0.0,0.0,1.0,1.0,0.0,0.0,CLgen Kernel,69.109375,69.109375,0,p100
CLgen Kernel,tiny,522240.0,2.1,10.0,21760.0,522240.0,0.0,20.0,28.0,24.0,20.0,28.0,24.0,1.0,1.0,0.0,4.59559e-05,0.0416667,1.0,1.0,1.0,0.0,0.0,0.0,0.0,0.0,0.0,0.0,0.0,0.0,0.0,0.0,10880.0,0.0,0.0,0.0,0.0,1.0,1.0,0.0,0.0,CLgen Kernel,65.621094,65.621094,0,p100
CLgen Kernel,tiny,522240.0,2.1,10.0,21760.0,522240.0,0.0,20.0,28.0,24.0,20.0,28.0,24.0,1.0,1.0,0.0,4.59559e-05,0.0416667,1.0,1.0,1.0,0.0,0.0,0.0,0.0,0.0,0.0,0.0,0.0,0.0,0.0,0.0,10880.0,0.0,0.0,0.0,0.0,1.0,1.0,0.0,0.0,CLgen Kernel,69.722656,69.722656,0,p100
CLgen Kernel,tiny,522240.0,2.1,10.0,21760.0,522240.0,0.0,20.0,28.0,24.0,20.0,28.0,24.0,1.0,1.0,0.0,4.59559e-05,0.0416667,1.0,1.0,1.0,0.0,0.0,0.0,0.0,0.0,0.0,0.0,0.0,0.0,0.0,0.0,10880.0,0.0,0.0,0.0,0.0,1.0,1.0,0.0,0.0,CLgen Kernel,66.957031,66.957031,0,p100
CLgen Kernel,tiny,522240.0,2.1,10.0,21760.0,522240.0,0.0,20.0,28.0,24.0,20.0,28.0,24.0,1.0,1.0,0.0,4.59559e-05,0.0416667,1.0,1.0,1.0,0.0,0.0,0.0,0.0,0.0,0.0,0.0,0.0,0.0,0.0,0.0,10880.0,0.0,0.0,0.0,0.0,1.0,1.0,0.0,0.0,CLgen Kernel,67.203125,67.203125,0,p100
CLgen Kernel,tiny,522240.0,2.1,10.0,21760.0,522240.0,0.0,20.0,28.0,24.0,20.0,28.0,24.0,1.0,1.0,0.0,4.59559e-05,0.0416667,1.0,1.0,1.0,0.0,0.0,0.0,0.0,0.0,0.0,0.0,0.0,0.0,0.0,0.0,10880.0,0.0,0.0,0.0,0.0,1.0,1.0,0.0,0.0,CLgen Kernel,67.398438,67.398438,0,p100
CLgen Kernel,tiny,522240.0,2.1,10.0,21760.0,522240.0,0.0,20.0,28.0,24.0,20.0,28.0,24.0,1.0,1.0,0.0,4.59559e-05,0.0416667,1.0,1.0,1.0,0.0,0.0,0.0,0.0,0.0,0.0,0.0,0.0,0.0,0.0,0.0,10880.0,0.0,0.0,0.0,0.0,1.0,1.0,0.0,0.0,CLgen Kernel,65.332031,65.332031,0,p100
CLgen Kernel,large,63476.0,2.09997,9.99924,2645.0,63476.0,0.0,20.0,28.0,20.0,20.0,28.0,20.0,1.0,1.0,0.0,0.000378072,0.041669300000000006,1.0,1.0,1.0,0.0,0.0,0.0,0.0,0.0,0.0,0.0,0.0,0.0,0.0,0.0,1322.0,0.0,0.0,0.0,0.0,1.0,1.0,0.0,0.0,CLgen Kernel,32.25,32.25,0,p100
CLgen Kernel,large,63476.0,2.09997,9.99924,2645.0,63476.0,0.0,20.0,28.0,20.0,20.0,28.0,20.0,1.0,1.0,0.0,0.000378072,0.041669300000000006,1.0,1.0,1.0,0.0,0.0,0.0,0.0,0.0,0.0,0.0,0.0,0.0,0.0,0.0,1322.0,0.0,0.0,0.0,0.0,1.0,1.0,0.0,0.0,CLgen Kernel,30.367188,30.367188,0,p100
CLgen Kernel,large,63476.0,2.09997,9.99924,2645.0,63476.0,0.0,20.0,28.0,20.0,20.0,28.0,20.0,1.0,1.0,0.0,0.000378072,0.041669300000000006,1.0,1.0,1.0,0.0,0.0,0.0,0.0,0.0,0.0,0.0,0.0,0.0,0.0,0.0,1322.0,0.0,0.0,0.0,0.0,1.0,1.0,0.0,0.0,CLgen Kernel,28.617188,28.617188,0,p100
CLgen Kernel,large,63476.0,2.09997,9.99924,2645.0,63476.0,0.0,20.0,28.0,20.0,20.0,28.0,20.0,1.0,1.0,0.0,0.000378072,0.041669300000000006,1.0,1.0,1.0,0.0,0.0,0.0,0.0,0.0,0.0,0.0,0.0,0.0,0.0,0.0,1322.0,0.0,0.0,0.0,0.0,1.0,1.0,0.0,0.0,CLgen Kernel,30.289062,30.289062,0,p100
CLgen Kernel,large,63476.0,2.09997,9.99924,2645.0,63476.0,0.0,20.0,28.0,20.0,20.0,28.0,20.0,1.0,1.0,0.0,0.000378072,0.041669300000000006,1.0,1.0,1.0,0.0,0.0,0.0,0.0,0.0,0.0,0.0,0.0,0.0,0.0,0.0,1322.0,0.0,0.0,0.0,0.0,1.0,1.0,0.0,0.0,CLgen Kernel,29.988281,29.988281,0,p100
CLgen Kernel,large,63476.0,2.09997,9.99924,2645.0,63476.0,0.0,20.0,28.0,20.0,20.0,28.0,20.0,1.0,1.0,0.0,0.000378072,0.041669300000000006,1.0,1.0,1.0,0.0,0.0,0.0,0.0,0.0,0.0,0.0,0.0,0.0,0.0,0.0,1322.0,0.0,0.0,0.0,0.0,1.0,1.0,0.0,0.0,CLgen Kernel,26.675781,26.675781,0,p100
CLgen Kernel,large,63476.0,2.09997,9.99924,2645.0,63476.0,0.0,20.0,28.0,20.0,20.0,28.0,20.0,1.0,1.0,0.0,0.000378072,0.041669300000000006,1.0,1.0,1.0,0.0,0.0,0.0,0.0,0.0,0.0,0.0,0.0,0.0,0.0,0.0,1322.0,0.0,0.0,0.0,0.0,1.0,1.0,0.0,0.0,CLgen Kernel,27.5625,27.5625,0,p100
CLgen Kernel,large,63476.0,2.09997,9.99924,2645.0,63476.0,0.0,20.0,28.0,20.0,20.0,28.0,20.0,1.0,1.0,0.0,0.000378072,0.041669300000000006,1.0,1.0,1.0,0.0,0.0,0.0,0.0,0.0,0.0,0.0,0.0,0.0,0.0,0.0,1322.0,0.0,0.0,0.0,0.0,1.0,1.0,0.0,0.0,CLgen Kernel,27.242188,27.242188,0,p100
CLgen Kernel,large,63476.0,2.09997,9.99924,2645.0,63476.0,0.0,20.0,28.0,20.0,20.0,28.0,20.0,1.0,1.0,0.0,0.000378072,0.041669300000000006,1.0,1.0,1.0,0.0,0.0,0.0,0.0,0.0,0.0,0.0,0.0,0.0,0.0,0.0,1322.0,0.0,0.0,0.0,0.0,1.0,1.0,0.0,0.0,CLgen Kernel,32.4375,32.4375,0,p100
CLgen Kernel,large,63476.0,2.09997,9.99924,2645.0,63476.0,0.0,20.0,28.0,20.0,20.0,28.0,20.0,1.0,1.0,0.0,0.000378072,0.041669300000000006,1.0,1.0,1.0,0.0,0.0,0.0,0.0,0.0,0.0,0.0,0.0,0.0,0.0,0.0,1322.0,0.0,0.0,0.0,0.0,1.0,1.0,0.0,0.0,CLgen Kernel,30.421875,30.421875,0,p100
CLgen Kernel,tiny,456966.0,2.125,8.00014,21760.0,456966.0,0.0,21.0,27.0,21.0,21.0,27.0,21.0,1.0,1.0,0.0,4.59559e-05,0.047618400000000005,1.0,1.0,1.0,0.0,0.0,0.0,0.0,0.0,0.0,0.0,0.0,0.0,0.0,0.0,1.0,0.0,0.0,0.0,0.0,2.0,2.0,0.0,0.0,CLgen Kernel,66.109375,66.109375,0,p100
CLgen Kernel,tiny,456966.0,2.125,8.00014,21760.0,456966.0,0.0,21.0,27.0,21.0,21.0,27.0,21.0,1.0,1.0,0.0,4.59559e-05,0.047618400000000005,1.0,1.0,1.0,0.0,0.0,0.0,0.0,0.0,0.0,0.0,0.0,0.0,0.0,0.0,1.0,0.0,0.0,0.0,0.0,2.0,2.0,0.0,0.0,CLgen Kernel,65.441406,65.441406,0,p100
CLgen Kernel,tiny,456966.0,2.125,8.00014,21760.0,456966.0,0.0,21.0,27.0,21.0,21.0,27.0,21.0,1.0,1.0,0.0,4.59559e-05,0.047618400000000005,1.0,1.0,1.0,0.0,0.0,0.0,0.0,0.0,0.0,0.0,0.0,0.0,0.0,0.0,1.0,0.0,0.0,0.0,0.0,2.0,2.0,0.0,0.0,CLgen Kernel,64.800781,64.800781,0,p100
CLgen Kernel,tiny,456966.0,2.125,8.00014,21760.0,456966.0,0.0,21.0,27.0,21.0,21.0,27.0,21.0,1.0,1.0,0.0,4.59559e-05,0.047618400000000005,1.0,1.0,1.0,0.0,0.0,0.0,0.0,0.0,0.0,0.0,0.0,0.0,0.0,0.0,1.0,0.0,0.0,0.0,0.0,2.0,2.0,0.0,0.0,CLgen Kernel,70.128906,70.128906,0,p100
CLgen Kernel,tiny,456966.0,2.125,8.00014,21760.0,456966.0,0.0,21.0,27.0,21.0,21.0,27.0,21.0,1.0,1.0,0.0,4.59559e-05,0.047618400000000005,1.0,1.0,1.0,0.0,0.0,0.0,0.0,0.0,0.0,0.0,0.0,0.0,0.0,0.0,1.0,0.0,0.0,0.0,0.0,2.0,2.0,0.0,0.0,CLgen Kernel,70.480469,70.480469,0,p100
CLgen Kernel,tiny,456966.0,2.125,8.00014,21760.0,456966.0,0.0,21.0,27.0,21.0,21.0,27.0,21.0,1.0,1.0,0.0,4.59559e-05,0.047618400000000005,1.0,1.0,1.0,0.0,0.0,0.0,0.0,0.0,0.0,0.0,0.0,0.0,0.0,0.0,1.0,0.0,0.0,0.0,0.0,2.0,2.0,0.0,0.0,CLgen Kernel,74.808594,74.808594,0,p100
CLgen Kernel,tiny,456966.0,2.125,8.00014,21760.0,456966.0,0.0,21.0,27.0,21.0,21.0,27.0,21.0,1.0,1.0,0.0,4.59559e-05,0.047618400000000005,1.0,1.0,1.0,0.0,0.0,0.0,0.0,0.0,0.0,0.0,0.0,0.0,0.0,0.0,1.0,0.0,0.0,0.0,0.0,2.0,2.0,0.0,0.0,CLgen Kernel,69.765625,69.765625,0,p100
CLgen Kernel,tiny,456966.0,2.125,8.00014,21760.0,456966.0,0.0,21.0,27.0,21.0,21.0,27.0,21.0,1.0,1.0,0.0,4.59559e-05,0.047618400000000005,1.0,1.0,1.0,0.0,0.0,0.0,0.0,0.0,0.0,0.0,0.0,0.0,0.0,0.0,1.0,0.0,0.0,0.0,0.0,2.0,2.0,0.0,0.0,CLgen Kernel,67.878906,67.878906,0,p100
CLgen Kernel,tiny,456966.0,2.125,8.00014,21760.0,456966.0,0.0,21.0,27.0,21.0,21.0,27.0,21.0,1.0,1.0,0.0,4.59559e-05,0.047618400000000005,1.0,1.0,1.0,0.0,0.0,0.0,0.0,0.0,0.0,0.0,0.0,0.0,0.0,0.0,1.0,0.0,0.0,0.0,0.0,2.0,2.0,0.0,0.0,CLgen Kernel,70.597656,70.597656,0,p100
CLgen Kernel,tiny,456966.0,2.125,8.00014,21760.0,456966.0,0.0,21.0,27.0,21.0,21.0,27.0,21.0,1.0,1.0,0.0,4.59559e-05,0.047618400000000005,1.0,1.0,1.0,0.0,0.0,0.0,0.0,0.0,0.0,0.0,0.0,0.0,0.0,0.0,1.0,0.0,0.0,0.0,0.0,2.0,2.0,0.0,0.0,CLgen Kernel,75.601562,75.601562,0,p100
CLgen Kernel,large,55551.0,2.12503,8.00113,2645.0,55551.0,0.0,21.0,27.0,21.0,21.0,27.0,21.0,1.0,1.0,0.0,0.000378072,0.0476139,1.0,1.0,1.0,0.0,0.0,0.0,0.0,0.0,0.0,0.0,0.0,0.0,0.0,0.0,1.0,0.0,0.0,0.0,0.0,2.0,2.0,0.0,0.0,CLgen Kernel,31.226562,31.226562,0,p100
CLgen Kernel,large,55551.0,2.12503,8.00113,2645.0,55551.0,0.0,21.0,27.0,21.0,21.0,27.0,21.0,1.0,1.0,0.0,0.000378072,0.0476139,1.0,1.0,1.0,0.0,0.0,0.0,0.0,0.0,0.0,0.0,0.0,0.0,0.0,0.0,1.0,0.0,0.0,0.0,0.0,2.0,2.0,0.0,0.0,CLgen Kernel,31.707031,31.707031,0,p100
CLgen Kernel,large,55551.0,2.12503,8.00113,2645.0,55551.0,0.0,21.0,27.0,21.0,21.0,27.0,21.0,1.0,1.0,0.0,0.000378072,0.0476139,1.0,1.0,1.0,0.0,0.0,0.0,0.0,0.0,0.0,0.0,0.0,0.0,0.0,0.0,1.0,0.0,0.0,0.0,0.0,2.0,2.0,0.0,0.0,CLgen Kernel,31.914062,31.914062,0,p100
CLgen Kernel,large,55551.0,2.12503,8.00113,2645.0,55551.0,0.0,21.0,27.0,21.0,21.0,27.0,21.0,1.0,1.0,0.0,0.000378072,0.0476139,1.0,1.0,1.0,0.0,0.0,0.0,0.0,0.0,0.0,0.0,0.0,0.0,0.0,0.0,1.0,0.0,0.0,0.0,0.0,2.0,2.0,0.0,0.0,CLgen Kernel,31.449219,31.449219,0,p100
CLgen Kernel,large,55551.0,2.12503,8.00113,2645.0,55551.0,0.0,21.0,27.0,21.0,21.0,27.0,21.0,1.0,1.0,0.0,0.000378072,0.0476139,1.0,1.0,1.0,0.0,0.0,0.0,0.0,0.0,0.0,0.0,0.0,0.0,0.0,0.0,1.0,0.0,0.0,0.0,0.0,2.0,2.0,0.0,0.0,CLgen Kernel,31.609375,31.609375,0,p100
CLgen Kernel,large,55551.0,2.12503,8.00113,2645.0,55551.0,0.0,21.0,27.0,21.0,21.0,27.0,21.0,1.0,1.0,0.0,0.000378072,0.0476139,1.0,1.0,1.0,0.0,0.0,0.0,0.0,0.0,0.0,0.0,0.0,0.0,0.0,0.0,1.0,0.0,0.0,0.0,0.0,2.0,2.0,0.0,0.0,CLgen Kernel,31.699219,31.699219,0,p100
CLgen Kernel,large,55551.0,2.12503,8.00113,2645.0,55551.0,0.0,21.0,27.0,21.0,21.0,27.0,21.0,1.0,1.0,0.0,0.000378072,0.0476139,1.0,1.0,1.0,0.0,0.0,0.0,0.0,0.0,0.0,0.0,0.0,0.0,0.0,0.0,1.0,0.0,0.0,0.0,0.0,2.0,2.0,0.0,0.0,CLgen Kernel,31.375,31.375,0,p100
CLgen Kernel,large,55551.0,2.12503,8.00113,2645.0,55551.0,0.0,21.0,27.0,21.0,21.0,27.0,21.0,1.0,1.0,0.0,0.000378072,0.0476139,1.0,1.0,1.0,0.0,0.0,0.0,0.0,0.0,0.0,0.0,0.0,0.0,0.0,0.0,1.0,0.0,0.0,0.0,0.0,2.0,2.0,0.0,0.0,CLgen Kernel,31.488281,31.488281,0,p100
CLgen Kernel,large,55551.0,2.12503,8.00113,2645.0,55551.0,0.0,21.0,27.0,21.0,21.0,27.0,21.0,1.0,1.0,0.0,0.000378072,0.0476139,1.0,1.0,1.0,0.0,0.0,0.0,0.0,0.0,0.0,0.0,0.0,0.0,0.0,0.0,1.0,0.0,0.0,0.0,0.0,2.0,2.0,0.0,0.0,CLgen Kernel,31.410156,31.410156,0,p100
CLgen Kernel,large,55551.0,2.12503,8.00113,2645.0,55551.0,0.0,21.0,27.0,21.0,21.0,27.0,21.0,1.0,1.0,0.0,0.000378072,0.0476139,1.0,1.0,1.0,0.0,0.0,0.0,0.0,0.0,0.0,0.0,0.0,0.0,0.0,0.0,1.0,0.0,0.0,0.0,0.0,2.0,2.0,0.0,0.0,CLgen Kernel,28.414062,28.414062,0,p100
CLgen Kernel,tiny,631040.0,2.15385,13.0,21760.0,631040.0,0.0,29.0,29.0,29.0,29.0,29.0,29.0,1.0,1.0,0.0,4.59559e-05,0.0344828,1.0,1.0,1.0,0.0,0.0,0.0,0.0,0.0,0.0,0.0,0.0,0.0,0.0,0.0,21760.0,0.0,0.0,0.0,0.0,0.0,0.0,0.0,0.0,CLgen Kernel,78.867188,78.867188,0,p100
CLgen Kernel,tiny,631040.0,2.15385,13.0,21760.0,631040.0,0.0,29.0,29.0,29.0,29.0,29.0,29.0,1.0,1.0,0.0,4.59559e-05,0.0344828,1.0,1.0,1.0,0.0,0.0,0.0,0.0,0.0,0.0,0.0,0.0,0.0,0.0,0.0,21760.0,0.0,0.0,0.0,0.0,0.0,0.0,0.0,0.0,CLgen Kernel,76.503906,76.503906,0,p100
CLgen Kernel,tiny,631040.0,2.15385,13.0,21760.0,631040.0,0.0,29.0,29.0,29.0,29.0,29.0,29.0,1.0,1.0,0.0,4.59559e-05,0.0344828,1.0,1.0,1.0,0.0,0.0,0.0,0.0,0.0,0.0,0.0,0.0,0.0,0.0,0.0,21760.0,0.0,0.0,0.0,0.0,0.0,0.0,0.0,0.0,CLgen Kernel,76.203125,76.203125,0,p100
CLgen Kernel,tiny,631040.0,2.15385,13.0,21760.0,631040.0,0.0,29.0,29.0,29.0,29.0,29.0,29.0,1.0,1.0,0.0,4.59559e-05,0.0344828,1.0,1.0,1.0,0.0,0.0,0.0,0.0,0.0,0.0,0.0,0.0,0.0,0.0,0.0,21760.0,0.0,0.0,0.0,0.0,0.0,0.0,0.0,0.0,CLgen Kernel,76.054688,76.054688,0,p100
CLgen Kernel,tiny,631040.0,2.15385,13.0,21760.0,631040.0,0.0,29.0,29.0,29.0,29.0,29.0,29.0,1.0,1.0,0.0,4.59559e-05,0.0344828,1.0,1.0,1.0,0.0,0.0,0.0,0.0,0.0,0.0,0.0,0.0,0.0,0.0,0.0,21760.0,0.0,0.0,0.0,0.0,0.0,0.0,0.0,0.0,CLgen Kernel,69.113281,69.113281,0,p100
CLgen Kernel,tiny,631040.0,2.15385,13.0,21760.0,631040.0,0.0,29.0,29.0,29.0,29.0,29.0,29.0,1.0,1.0,0.0,4.59559e-05,0.0344828,1.0,1.0,1.0,0.0,0.0,0.0,0.0,0.0,0.0,0.0,0.0,0.0,0.0,0.0,21760.0,0.0,0.0,0.0,0.0,0.0,0.0,0.0,0.0,CLgen Kernel,76.234375,76.234375,0,p100
CLgen Kernel,tiny,631040.0,2.15385,13.0,21760.0,631040.0,0.0,29.0,29.0,29.0,29.0,29.0,29.0,1.0,1.0,0.0,4.59559e-05,0.0344828,1.0,1.0,1.0,0.0,0.0,0.0,0.0,0.0,0.0,0.0,0.0,0.0,0.0,0.0,21760.0,0.0,0.0,0.0,0.0,0.0,0.0,0.0,0.0,CLgen Kernel,80.992188,80.992188,0,p100
CLgen Kernel,tiny,631040.0,2.15385,13.0,21760.0,631040.0,0.0,29.0,29.0,29.0,29.0,29.0,29.0,1.0,1.0,0.0,4.59559e-05,0.0344828,1.0,1.0,1.0,0.0,0.0,0.0,0.0,0.0,0.0,0.0,0.0,0.0,0.0,0.0,21760.0,0.0,0.0,0.0,0.0,0.0,0.0,0.0,0.0,CLgen Kernel,77.320312,77.320312,0,p100
CLgen Kernel,tiny,631040.0,2.15385,13.0,21760.0,631040.0,0.0,29.0,29.0,29.0,29.0,29.0,29.0,1.0,1.0,0.0,4.59559e-05,0.0344828,1.0,1.0,1.0,0.0,0.0,0.0,0.0,0.0,0.0,0.0,0.0,0.0,0.0,0.0,21760.0,0.0,0.0,0.0,0.0,0.0,0.0,0.0,0.0,CLgen Kernel,79.929688,79.929688,0,p100
CLgen Kernel,tiny,631040.0,2.15385,13.0,21760.0,631040.0,0.0,29.0,29.0,29.0,29.0,29.0,29.0,1.0,1.0,0.0,4.59559e-05,0.0344828,1.0,1.0,1.0,0.0,0.0,0.0,0.0,0.0,0.0,0.0,0.0,0.0,0.0,0.0,21760.0,0.0,0.0,0.0,0.0,0.0,0.0,0.0,0.0,CLgen Kernel,77.628906,77.628906,0,p100
CLgen Kernel,large,76705.0,2.15385,13.0,2645.0,76705.0,0.0,29.0,29.0,29.0,29.0,29.0,29.0,1.0,1.0,0.0,0.000378072,0.0344828,1.0,1.0,1.0,0.0,0.0,0.0,0.0,0.0,0.0,0.0,0.0,0.0,0.0,0.0,2645.0,0.0,0.0,0.0,0.0,0.0,0.0,0.0,0.0,CLgen Kernel,30.394531,30.394531,0,p100
CLgen Kernel,large,76705.0,2.15385,13.0,2645.0,76705.0,0.0,29.0,29.0,29.0,29.0,29.0,29.0,1.0,1.0,0.0,0.000378072,0.0344828,1.0,1.0,1.0,0.0,0.0,0.0,0.0,0.0,0.0,0.0,0.0,0.0,0.0,0.0,2645.0,0.0,0.0,0.0,0.0,0.0,0.0,0.0,0.0,CLgen Kernel,27.605469,27.605469,0,p100
CLgen Kernel,large,76705.0,2.15385,13.0,2645.0,76705.0,0.0,29.0,29.0,29.0,29.0,29.0,29.0,1.0,1.0,0.0,0.000378072,0.0344828,1.0,1.0,1.0,0.0,0.0,0.0,0.0,0.0,0.0,0.0,0.0,0.0,0.0,0.0,2645.0,0.0,0.0,0.0,0.0,0.0,0.0,0.0,0.0,CLgen Kernel,27.28125,27.28125,0,p100
CLgen Kernel,large,76705.0,2.15385,13.0,2645.0,76705.0,0.0,29.0,29.0,29.0,29.0,29.0,29.0,1.0,1.0,0.0,0.000378072,0.0344828,1.0,1.0,1.0,0.0,0.0,0.0,0.0,0.0,0.0,0.0,0.0,0.0,0.0,0.0,2645.0,0.0,0.0,0.0,0.0,0.0,0.0,0.0,0.0,CLgen Kernel,26.386719,26.386719,0,p100
CLgen Kernel,large,76705.0,2.15385,13.0,2645.0,76705.0,0.0,29.0,29.0,29.0,29.0,29.0,29.0,1.0,1.0,0.0,0.000378072,0.0344828,1.0,1.0,1.0,0.0,0.0,0.0,0.0,0.0,0.0,0.0,0.0,0.0,0.0,0.0,2645.0,0.0,0.0,0.0,0.0,0.0,0.0,0.0,0.0,CLgen Kernel,28.132812,28.132812,0,p100
CLgen Kernel,large,76705.0,2.15385,13.0,2645.0,76705.0,0.0,29.0,29.0,29.0,29.0,29.0,29.0,1.0,1.0,0.0,0.000378072,0.0344828,1.0,1.0,1.0,0.0,0.0,0.0,0.0,0.0,0.0,0.0,0.0,0.0,0.0,0.0,2645.0,0.0,0.0,0.0,0.0,0.0,0.0,0.0,0.0,CLgen Kernel,26.984375,26.984375,0,p100
CLgen Kernel,large,76705.0,2.15385,13.0,2645.0,76705.0,0.0,29.0,29.0,29.0,29.0,29.0,29.0,1.0,1.0,0.0,0.000378072,0.0344828,1.0,1.0,1.0,0.0,0.0,0.0,0.0,0.0,0.0,0.0,0.0,0.0,0.0,0.0,2645.0,0.0,0.0,0.0,0.0,0.0,0.0,0.0,0.0,CLgen Kernel,27.261719,27.261719,0,p100
CLgen Kernel,large,76705.0,2.15385,13.0,2645.0,76705.0,0.0,29.0,29.0,29.0,29.0,29.0,29.0,1.0,1.0,0.0,0.000378072,0.0344828,1.0,1.0,1.0,0.0,0.0,0.0,0.0,0.0,0.0,0.0,0.0,0.0,0.0,0.0,2645.0,0.0,0.0,0.0,0.0,0.0,0.0,0.0,0.0,CLgen Kernel,27.066406,27.066406,0,p100
CLgen Kernel,large,76705.0,2.15385,13.0,2645.0,76705.0,0.0,29.0,29.0,29.0,29.0,29.0,29.0,1.0,1.0,0.0,0.000378072,0.0344828,1.0,1.0,1.0,0.0,0.0,0.0,0.0,0.0,0.0,0.0,0.0,0.0,0.0,0.0,2645.0,0.0,0.0,0.0,0.0,0.0,0.0,0.0,0.0,CLgen Kernel,27.910156,27.910156,0,p100
CLgen Kernel,large,76705.0,2.15385,13.0,2645.0,76705.0,0.0,29.0,29.0,29.0,29.0,29.0,29.0,1.0,1.0,0.0,0.000378072,0.0344828,1.0,1.0,1.0,0.0,0.0,0.0,0.0,0.0,0.0,0.0,0.0,0.0,0.0,0.0,2645.0,0.0,0.0,0.0,0.0,0.0,0.0,0.0,0.0,CLgen Kernel,33.800781,33.800781,0,p100
CLgen Kernel,tiny,500486.0,2.375,8.00014,21760.0,500486.0,0.0,23.0,29.0,23.0,23.0,29.0,23.0,1.0,1.0,0.0,4.59559e-05,0.0434777,1.0,1.0,1.0,0.0,0.0,0.0,0.0,0.0,0.0,0.0,0.0,0.0,0.0,0.0,1.0,0.0,0.0,0.0,0.0,2.0,2.0,0.0,0.0,CLgen Kernel,67.539062,67.539062,0,p100
CLgen Kernel,tiny,500486.0,2.375,8.00014,21760.0,500486.0,0.0,23.0,29.0,23.0,23.0,29.0,23.0,1.0,1.0,0.0,4.59559e-05,0.0434777,1.0,1.0,1.0,0.0,0.0,0.0,0.0,0.0,0.0,0.0,0.0,0.0,0.0,0.0,1.0,0.0,0.0,0.0,0.0,2.0,2.0,0.0,0.0,CLgen Kernel,70.492188,70.492188,0,p100
CLgen Kernel,tiny,500486.0,2.375,8.00014,21760.0,500486.0,0.0,23.0,29.0,23.0,23.0,29.0,23.0,1.0,1.0,0.0,4.59559e-05,0.0434777,1.0,1.0,1.0,0.0,0.0,0.0,0.0,0.0,0.0,0.0,0.0,0.0,0.0,0.0,1.0,0.0,0.0,0.0,0.0,2.0,2.0,0.0,0.0,CLgen Kernel,68.46875,68.46875,0,p100
CLgen Kernel,tiny,500486.0,2.375,8.00014,21760.0,500486.0,0.0,23.0,29.0,23.0,23.0,29.0,23.0,1.0,1.0,0.0,4.59559e-05,0.0434777,1.0,1.0,1.0,0.0,0.0,0.0,0.0,0.0,0.0,0.0,0.0,0.0,0.0,0.0,1.0,0.0,0.0,0.0,0.0,2.0,2.0,0.0,0.0,CLgen Kernel,69.730469,69.730469,0,p100
CLgen Kernel,tiny,500486.0,2.375,8.00014,21760.0,500486.0,0.0,23.0,29.0,23.0,23.0,29.0,23.0,1.0,1.0,0.0,4.59559e-05,0.0434777,1.0,1.0,1.0,0.0,0.0,0.0,0.0,0.0,0.0,0.0,0.0,0.0,0.0,0.0,1.0,0.0,0.0,0.0,0.0,2.0,2.0,0.0,0.0,CLgen Kernel,76.085938,76.085938,0,p100
CLgen Kernel,tiny,500486.0,2.375,8.00014,21760.0,500486.0,0.0,23.0,29.0,23.0,23.0,29.0,23.0,1.0,1.0,0.0,4.59559e-05,0.0434777,1.0,1.0,1.0,0.0,0.0,0.0,0.0,0.0,0.0,0.0,0.0,0.0,0.0,0.0,1.0,0.0,0.0,0.0,0.0,2.0,2.0,0.0,0.0,CLgen Kernel,66.347656,66.347656,0,p100
CLgen Kernel,tiny,500486.0,2.375,8.00014,21760.0,500486.0,0.0,23.0,29.0,23.0,23.0,29.0,23.0,1.0,1.0,0.0,4.59559e-05,0.0434777,1.0,1.0,1.0,0.0,0.0,0.0,0.0,0.0,0.0,0.0,0.0,0.0,0.0,0.0,1.0,0.0,0.0,0.0,0.0,2.0,2.0,0.0,0.0,CLgen Kernel,70.277344,70.277344,0,p100
CLgen Kernel,tiny,500486.0,2.375,8.00014,21760.0,500486.0,0.0,23.0,29.0,23.0,23.0,29.0,23.0,1.0,1.0,0.0,4.59559e-05,0.0434777,1.0,1.0,1.0,0.0,0.0,0.0,0.0,0.0,0.0,0.0,0.0,0.0,0.0,0.0,1.0,0.0,0.0,0.0,0.0,2.0,2.0,0.0,0.0,CLgen Kernel,67.171875,67.171875,0,p100
CLgen Kernel,tiny,500486.0,2.375,8.00014,21760.0,500486.0,0.0,23.0,29.0,23.0,23.0,29.0,23.0,1.0,1.0,0.0,4.59559e-05,0.0434777,1.0,1.0,1.0,0.0,0.0,0.0,0.0,0.0,0.0,0.0,0.0,0.0,0.0,0.0,1.0,0.0,0.0,0.0,0.0,2.0,2.0,0.0,0.0,CLgen Kernel,68.664062,68.664062,0,p100
CLgen Kernel,tiny,500486.0,2.375,8.00014,21760.0,500486.0,0.0,23.0,29.0,23.0,23.0,29.0,23.0,1.0,1.0,0.0,4.59559e-05,0.0434777,1.0,1.0,1.0,0.0,0.0,0.0,0.0,0.0,0.0,0.0,0.0,0.0,0.0,0.0,1.0,0.0,0.0,0.0,0.0,2.0,2.0,0.0,0.0,CLgen Kernel,68.925781,68.925781,0,p100
CLgen Kernel,large,60841.0,2.37499,8.00113,2645.0,60841.0,0.0,23.0,29.0,23.0,23.0,29.0,23.0,1.0,1.0,0.0,0.000378072,0.043474,1.0,1.0,1.0,0.0,0.0,0.0,0.0,0.0,0.0,0.0,0.0,0.0,0.0,0.0,1.0,0.0,0.0,0.0,0.0,2.0,2.0,0.0,0.0,CLgen Kernel,35.03125,35.03125,0,p100
CLgen Kernel,large,60841.0,2.37499,8.00113,2645.0,60841.0,0.0,23.0,29.0,23.0,23.0,29.0,23.0,1.0,1.0,0.0,0.000378072,0.043474,1.0,1.0,1.0,0.0,0.0,0.0,0.0,0.0,0.0,0.0,0.0,0.0,0.0,0.0,1.0,0.0,0.0,0.0,0.0,2.0,2.0,0.0,0.0,CLgen Kernel,31.554688,31.554688,0,p100
CLgen Kernel,large,60841.0,2.37499,8.00113,2645.0,60841.0,0.0,23.0,29.0,23.0,23.0,29.0,23.0,1.0,1.0,0.0,0.000378072,0.043474,1.0,1.0,1.0,0.0,0.0,0.0,0.0,0.0,0.0,0.0,0.0,0.0,0.0,0.0,1.0,0.0,0.0,0.0,0.0,2.0,2.0,0.0,0.0,CLgen Kernel,28.972656,28.972656,0,p100
CLgen Kernel,large,60841.0,2.37499,8.00113,2645.0,60841.0,0.0,23.0,29.0,23.0,23.0,29.0,23.0,1.0,1.0,0.0,0.000378072,0.043474,1.0,1.0,1.0,0.0,0.0,0.0,0.0,0.0,0.0,0.0,0.0,0.0,0.0,0.0,1.0,0.0,0.0,0.0,0.0,2.0,2.0,0.0,0.0,CLgen Kernel,31.03125,31.03125,0,p100
CLgen Kernel,large,60841.0,2.37499,8.00113,2645.0,60841.0,0.0,23.0,29.0,23.0,23.0,29.0,23.0,1.0,1.0,0.0,0.000378072,0.043474,1.0,1.0,1.0,0.0,0.0,0.0,0.0,0.0,0.0,0.0,0.0,0.0,0.0,0.0,1.0,0.0,0.0,0.0,0.0,2.0,2.0,0.0,0.0,CLgen Kernel,29.714844,29.714844,0,p100
CLgen Kernel,large,60841.0,2.37499,8.00113,2645.0,60841.0,0.0,23.0,29.0,23.0,23.0,29.0,23.0,1.0,1.0,0.0,0.000378072,0.043474,1.0,1.0,1.0,0.0,0.0,0.0,0.0,0.0,0.0,0.0,0.0,0.0,0.0,0.0,1.0,0.0,0.0,0.0,0.0,2.0,2.0,0.0,0.0,CLgen Kernel,30.90625,30.90625,0,p100
CLgen Kernel,large,60841.0,2.37499,8.00113,2645.0,60841.0,0.0,23.0,29.0,23.0,23.0,29.0,23.0,1.0,1.0,0.0,0.000378072,0.043474,1.0,1.0,1.0,0.0,0.0,0.0,0.0,0.0,0.0,0.0,0.0,0.0,0.0,0.0,1.0,0.0,0.0,0.0,0.0,2.0,2.0,0.0,0.0,CLgen Kernel,28.445312,28.445312,0,p100
CLgen Kernel,large,60841.0,2.37499,8.00113,2645.0,60841.0,0.0,23.0,29.0,23.0,23.0,29.0,23.0,1.0,1.0,0.0,0.000378072,0.043474,1.0,1.0,1.0,0.0,0.0,0.0,0.0,0.0,0.0,0.0,0.0,0.0,0.0,0.0,1.0,0.0,0.0,0.0,0.0,2.0,2.0,0.0,0.0,CLgen Kernel,28.320312,28.320312,0,p100
CLgen Kernel,large,60841.0,2.37499,8.00113,2645.0,60841.0,0.0,23.0,29.0,23.0,23.0,29.0,23.0,1.0,1.0,0.0,0.000378072,0.043474,1.0,1.0,1.0,0.0,0.0,0.0,0.0,0.0,0.0,0.0,0.0,0.0,0.0,0.0,1.0,0.0,0.0,0.0,0.0,2.0,2.0,0.0,0.0,CLgen Kernel,27.878906,27.878906,0,p100
CLgen Kernel,large,60841.0,2.37499,8.00113,2645.0,60841.0,0.0,23.0,29.0,23.0,23.0,29.0,23.0,1.0,1.0,0.0,0.000378072,0.043474,1.0,1.0,1.0,0.0,0.0,0.0,0.0,0.0,0.0,0.0,0.0,0.0,0.0,0.0,1.0,0.0,0.0,0.0,0.0,2.0,2.0,0.0,0.0,CLgen Kernel,37.410156,37.410156,0,p100
CLgen Kernel,tiny,674560.0,2.14286,14.0,21760.0,674560.0,0.0,31.0,31.0,31.0,31.0,31.0,31.0,1.0,1.0,0.0,4.59559e-05,0.0322581,1.0,1.0,1.0,0.0,0.0,0.0,0.0,0.0,0.0,0.0,0.0,0.0,0.0,0.0,21760.0,0.0,0.0,0.0,0.0,0.0,0.0,0.0,0.0,CLgen Kernel,70.71875,70.71875,0,p100
CLgen Kernel,tiny,674560.0,2.14286,14.0,21760.0,674560.0,0.0,31.0,31.0,31.0,31.0,31.0,31.0,1.0,1.0,0.0,4.59559e-05,0.0322581,1.0,1.0,1.0,0.0,0.0,0.0,0.0,0.0,0.0,0.0,0.0,0.0,0.0,0.0,21760.0,0.0,0.0,0.0,0.0,0.0,0.0,0.0,0.0,CLgen Kernel,68.632812,68.632812,0,p100
CLgen Kernel,tiny,674560.0,2.14286,14.0,21760.0,674560.0,0.0,31.0,31.0,31.0,31.0,31.0,31.0,1.0,1.0,0.0,4.59559e-05,0.0322581,1.0,1.0,1.0,0.0,0.0,0.0,0.0,0.0,0.0,0.0,0.0,0.0,0.0,0.0,21760.0,0.0,0.0,0.0,0.0,0.0,0.0,0.0,0.0,CLgen Kernel,69.773438,69.773438,0,p100
CLgen Kernel,tiny,674560.0,2.14286,14.0,21760.0,674560.0,0.0,31.0,31.0,31.0,31.0,31.0,31.0,1.0,1.0,0.0,4.59559e-05,0.0322581,1.0,1.0,1.0,0.0,0.0,0.0,0.0,0.0,0.0,0.0,0.0,0.0,0.0,0.0,21760.0,0.0,0.0,0.0,0.0,0.0,0.0,0.0,0.0,CLgen Kernel,69.679688,69.679688,0,p100
CLgen Kernel,tiny,674560.0,2.14286,14.0,21760.0,674560.0,0.0,31.0,31.0,31.0,31.0,31.0,31.0,1.0,1.0,0.0,4.59559e-05,0.0322581,1.0,1.0,1.0,0.0,0.0,0.0,0.0,0.0,0.0,0.0,0.0,0.0,0.0,0.0,21760.0,0.0,0.0,0.0,0.0,0.0,0.0,0.0,0.0,CLgen Kernel,68.789062,68.789062,0,p100
CLgen Kernel,tiny,674560.0,2.14286,14.0,21760.0,674560.0,0.0,31.0,31.0,31.0,31.0,31.0,31.0,1.0,1.0,0.0,4.59559e-05,0.0322581,1.0,1.0,1.0,0.0,0.0,0.0,0.0,0.0,0.0,0.0,0.0,0.0,0.0,0.0,21760.0,0.0,0.0,0.0,0.0,0.0,0.0,0.0,0.0,CLgen Kernel,68.390625,68.390625,0,p100
CLgen Kernel,tiny,674560.0,2.14286,14.0,21760.0,674560.0,0.0,31.0,31.0,31.0,31.0,31.0,31.0,1.0,1.0,0.0,4.59559e-05,0.0322581,1.0,1.0,1.0,0.0,0.0,0.0,0.0,0.0,0.0,0.0,0.0,0.0,0.0,0.0,21760.0,0.0,0.0,0.0,0.0,0.0,0.0,0.0,0.0,CLgen Kernel,71.753906,71.753906,0,p100
CLgen Kernel,tiny,674560.0,2.14286,14.0,21760.0,674560.0,0.0,31.0,31.0,31.0,31.0,31.0,31.0,1.0,1.0,0.0,4.59559e-05,0.0322581,1.0,1.0,1.0,0.0,0.0,0.0,0.0,0.0,0.0,0.0,0.0,0.0,0.0,0.0,21760.0,0.0,0.0,0.0,0.0,0.0,0.0,0.0,0.0,CLgen Kernel,68.867188,68.867188,0,p100
CLgen Kernel,tiny,674560.0,2.14286,14.0,21760.0,674560.0,0.0,31.0,31.0,31.0,31.0,31.0,31.0,1.0,1.0,0.0,4.59559e-05,0.0322581,1.0,1.0,1.0,0.0,0.0,0.0,0.0,0.0,0.0,0.0,0.0,0.0,0.0,0.0,21760.0,0.0,0.0,0.0,0.0,0.0,0.0,0.0,0.0,CLgen Kernel,68.574219,68.574219,0,p100
CLgen Kernel,tiny,674560.0,2.14286,14.0,21760.0,674560.0,0.0,31.0,31.0,31.0,31.0,31.0,31.0,1.0,1.0,0.0,4.59559e-05,0.0322581,1.0,1.0,1.0,0.0,0.0,0.0,0.0,0.0,0.0,0.0,0.0,0.0,0.0,0.0,21760.0,0.0,0.0,0.0,0.0,0.0,0.0,0.0,0.0,CLgen Kernel,68.929688,68.929688,0,p100
CLgen Kernel,large,81995.0,2.14286,14.0,2645.0,81995.0,0.0,31.0,31.0,31.0,31.0,31.0,31.0,1.0,1.0,0.0,0.000378072,0.0322581,1.0,1.0,1.0,0.0,0.0,0.0,0.0,0.0,0.0,0.0,0.0,0.0,0.0,0.0,2645.0,0.0,0.0,0.0,0.0,0.0,0.0,0.0,0.0,CLgen Kernel,30.875,30.875,0,p100
CLgen Kernel,large,81995.0,2.14286,14.0,2645.0,81995.0,0.0,31.0,31.0,31.0,31.0,31.0,31.0,1.0,1.0,0.0,0.000378072,0.0322581,1.0,1.0,1.0,0.0,0.0,0.0,0.0,0.0,0.0,0.0,0.0,0.0,0.0,0.0,2645.0,0.0,0.0,0.0,0.0,0.0,0.0,0.0,0.0,CLgen Kernel,30.5,30.5,0,p100
CLgen Kernel,large,81995.0,2.14286,14.0,2645.0,81995.0,0.0,31.0,31.0,31.0,31.0,31.0,31.0,1.0,1.0,0.0,0.000378072,0.0322581,1.0,1.0,1.0,0.0,0.0,0.0,0.0,0.0,0.0,0.0,0.0,0.0,0.0,0.0,2645.0,0.0,0.0,0.0,0.0,0.0,0.0,0.0,0.0,CLgen Kernel,30.226562,30.226562,0,p100
CLgen Kernel,large,81995.0,2.14286,14.0,2645.0,81995.0,0.0,31.0,31.0,31.0,31.0,31.0,31.0,1.0,1.0,0.0,0.000378072,0.0322581,1.0,1.0,1.0,0.0,0.0,0.0,0.0,0.0,0.0,0.0,0.0,0.0,0.0,0.0,2645.0,0.0,0.0,0.0,0.0,0.0,0.0,0.0,0.0,CLgen Kernel,32.230469,32.230469,0,p100
CLgen Kernel,large,81995.0,2.14286,14.0,2645.0,81995.0,0.0,31.0,31.0,31.0,31.0,31.0,31.0,1.0,1.0,0.0,0.000378072,0.0322581,1.0,1.0,1.0,0.0,0.0,0.0,0.0,0.0,0.0,0.0,0.0,0.0,0.0,0.0,2645.0,0.0,0.0,0.0,0.0,0.0,0.0,0.0,0.0,CLgen Kernel,28.554688,28.554688,0,p100
CLgen Kernel,large,81995.0,2.14286,14.0,2645.0,81995.0,0.0,31.0,31.0,31.0,31.0,31.0,31.0,1.0,1.0,0.0,0.000378072,0.0322581,1.0,1.0,1.0,0.0,0.0,0.0,0.0,0.0,0.0,0.0,0.0,0.0,0.0,0.0,2645.0,0.0,0.0,0.0,0.0,0.0,0.0,0.0,0.0,CLgen Kernel,27.640625,27.640625,0,p100
CLgen Kernel,large,81995.0,2.14286,14.0,2645.0,81995.0,0.0,31.0,31.0,31.0,31.0,31.0,31.0,1.0,1.0,0.0,0.000378072,0.0322581,1.0,1.0,1.0,0.0,0.0,0.0,0.0,0.0,0.0,0.0,0.0,0.0,0.0,0.0,2645.0,0.0,0.0,0.0,0.0,0.0,0.0,0.0,0.0,CLgen Kernel,30.5,30.5,0,p100
CLgen Kernel,large,81995.0,2.14286,14.0,2645.0,81995.0,0.0,31.0,31.0,31.0,31.0,31.0,31.0,1.0,1.0,0.0,0.000378072,0.0322581,1.0,1.0,1.0,0.0,0.0,0.0,0.0,0.0,0.0,0.0,0.0,0.0,0.0,0.0,2645.0,0.0,0.0,0.0,0.0,0.0,0.0,0.0,0.0,CLgen Kernel,30.402344,30.402344,0,p100
CLgen Kernel,large,81995.0,2.14286,14.0,2645.0,81995.0,0.0,31.0,31.0,31.0,31.0,31.0,31.0,1.0,1.0,0.0,0.000378072,0.0322581,1.0,1.0,1.0,0.0,0.0,0.0,0.0,0.0,0.0,0.0,0.0,0.0,0.0,0.0,2645.0,0.0,0.0,0.0,0.0,0.0,0.0,0.0,0.0,CLgen Kernel,27.699219,27.699219,0,p100
CLgen Kernel,large,81995.0,2.14286,14.0,2645.0,81995.0,0.0,31.0,31.0,31.0,31.0,31.0,31.0,1.0,1.0,0.0,0.000378072,0.0322581,1.0,1.0,1.0,0.0,0.0,0.0,0.0,0.0,0.0,0.0,0.0,0.0,0.0,0.0,2645.0,0.0,0.0,0.0,0.0,0.0,0.0,0.0,0.0,CLgen Kernel,30.601562,30.601562,0,p100
CLgen Kernel,tiny,478725.0,2.37499,8.00014,21760.0,478725.0,0.0,22.0,27.0,22.0,22.0,27.0,22.0,1.0,1.0,0.0,4.59559e-05,0.0454541,1.0,1.0,1.0,0.0,0.0,0.0,0.0,0.0,0.0,0.0,0.0,0.0,0.0,0.0,1.0,0.0,0.0,0.0,0.0,1.0,1.0,0.0,0.0,CLgen Kernel,70.449219,70.449219,0,p100
CLgen Kernel,tiny,478725.0,2.37499,8.00014,21760.0,478725.0,0.0,22.0,27.0,22.0,22.0,27.0,22.0,1.0,1.0,0.0,4.59559e-05,0.0454541,1.0,1.0,1.0,0.0,0.0,0.0,0.0,0.0,0.0,0.0,0.0,0.0,0.0,0.0,1.0,0.0,0.0,0.0,0.0,1.0,1.0,0.0,0.0,CLgen Kernel,68.621094,68.621094,0,p100
CLgen Kernel,tiny,478725.0,2.37499,8.00014,21760.0,478725.0,0.0,22.0,27.0,22.0,22.0,27.0,22.0,1.0,1.0,0.0,4.59559e-05,0.0454541,1.0,1.0,1.0,0.0,0.0,0.0,0.0,0.0,0.0,0.0,0.0,0.0,0.0,0.0,1.0,0.0,0.0,0.0,0.0,1.0,1.0,0.0,0.0,CLgen Kernel,69.597656,69.597656,0,p100
CLgen Kernel,tiny,478725.0,2.37499,8.00014,21760.0,478725.0,0.0,22.0,27.0,22.0,22.0,27.0,22.0,1.0,1.0,0.0,4.59559e-05,0.0454541,1.0,1.0,1.0,0.0,0.0,0.0,0.0,0.0,0.0,0.0,0.0,0.0,0.0,0.0,1.0,0.0,0.0,0.0,0.0,1.0,1.0,0.0,0.0,CLgen Kernel,71.597656,71.597656,0,p100
CLgen Kernel,tiny,478725.0,2.37499,8.00014,21760.0,478725.0,0.0,22.0,27.0,22.0,22.0,27.0,22.0,1.0,1.0,0.0,4.59559e-05,0.0454541,1.0,1.0,1.0,0.0,0.0,0.0,0.0,0.0,0.0,0.0,0.0,0.0,0.0,0.0,1.0,0.0,0.0,0.0,0.0,1.0,1.0,0.0,0.0,CLgen Kernel,68.082031,68.082031,0,p100
CLgen Kernel,tiny,478725.0,2.37499,8.00014,21760.0,478725.0,0.0,22.0,27.0,22.0,22.0,27.0,22.0,1.0,1.0,0.0,4.59559e-05,0.0454541,1.0,1.0,1.0,0.0,0.0,0.0,0.0,0.0,0.0,0.0,0.0,0.0,0.0,0.0,1.0,0.0,0.0,0.0,0.0,1.0,1.0,0.0,0.0,CLgen Kernel,68.613281,68.613281,0,p100
CLgen Kernel,tiny,478725.0,2.37499,8.00014,21760.0,478725.0,0.0,22.0,27.0,22.0,22.0,27.0,22.0,1.0,1.0,0.0,4.59559e-05,0.0454541,1.0,1.0,1.0,0.0,0.0,0.0,0.0,0.0,0.0,0.0,0.0,0.0,0.0,0.0,1.0,0.0,0.0,0.0,0.0,1.0,1.0,0.0,0.0,CLgen Kernel,67.503906,67.503906,0,p100
CLgen Kernel,tiny,478725.0,2.37499,8.00014,21760.0,478725.0,0.0,22.0,27.0,22.0,22.0,27.0,22.0,1.0,1.0,0.0,4.59559e-05,0.0454541,1.0,1.0,1.0,0.0,0.0,0.0,0.0,0.0,0.0,0.0,0.0,0.0,0.0,0.0,1.0,0.0,0.0,0.0,0.0,1.0,1.0,0.0,0.0,CLgen Kernel,70.027344,70.027344,0,p100
CLgen Kernel,tiny,478725.0,2.37499,8.00014,21760.0,478725.0,0.0,22.0,27.0,22.0,22.0,27.0,22.0,1.0,1.0,0.0,4.59559e-05,0.0454541,1.0,1.0,1.0,0.0,0.0,0.0,0.0,0.0,0.0,0.0,0.0,0.0,0.0,0.0,1.0,0.0,0.0,0.0,0.0,1.0,1.0,0.0,0.0,CLgen Kernel,68.0,68.0,0,p100
CLgen Kernel,tiny,478725.0,2.37499,8.00014,21760.0,478725.0,0.0,22.0,27.0,22.0,22.0,27.0,22.0,1.0,1.0,0.0,4.59559e-05,0.0454541,1.0,1.0,1.0,0.0,0.0,0.0,0.0,0.0,0.0,0.0,0.0,0.0,0.0,0.0,1.0,0.0,0.0,0.0,0.0,1.0,1.0,0.0,0.0,CLgen Kernel,64.976562,64.976562,0,p100
CLgen Kernel,large,58195.0,2.37495,8.00113,2645.0,58195.0,0.0,22.0,27.0,22.0,22.0,27.0,22.0,1.0,1.0,0.0,0.000378072,0.0454506,1.0,1.0,1.0,0.0,0.0,0.0,0.0,0.0,0.0,0.0,0.0,0.0,0.0,0.0,1.0,0.0,0.0,0.0,0.0,1.0,1.0,0.0,0.0,CLgen Kernel,28.390625,28.390625,0,p100
CLgen Kernel,large,58195.0,2.37495,8.00113,2645.0,58195.0,0.0,22.0,27.0,22.0,22.0,27.0,22.0,1.0,1.0,0.0,0.000378072,0.0454506,1.0,1.0,1.0,0.0,0.0,0.0,0.0,0.0,0.0,0.0,0.0,0.0,0.0,0.0,1.0,0.0,0.0,0.0,0.0,1.0,1.0,0.0,0.0,CLgen Kernel,34.378906,34.378906,0,p100
CLgen Kernel,large,58195.0,2.37495,8.00113,2645.0,58195.0,0.0,22.0,27.0,22.0,22.0,27.0,22.0,1.0,1.0,0.0,0.000378072,0.0454506,1.0,1.0,1.0,0.0,0.0,0.0,0.0,0.0,0.0,0.0,0.0,0.0,0.0,0.0,1.0,0.0,0.0,0.0,0.0,1.0,1.0,0.0,0.0,CLgen Kernel,29.410156,29.410156,0,p100
CLgen Kernel,large,58195.0,2.37495,8.00113,2645.0,58195.0,0.0,22.0,27.0,22.0,22.0,27.0,22.0,1.0,1.0,0.0,0.000378072,0.0454506,1.0,1.0,1.0,0.0,0.0,0.0,0.0,0.0,0.0,0.0,0.0,0.0,0.0,0.0,1.0,0.0,0.0,0.0,0.0,1.0,1.0,0.0,0.0,CLgen Kernel,29.632812,29.632812,0,p100
CLgen Kernel,large,58195.0,2.37495,8.00113,2645.0,58195.0,0.0,22.0,27.0,22.0,22.0,27.0,22.0,1.0,1.0,0.0,0.000378072,0.0454506,1.0,1.0,1.0,0.0,0.0,0.0,0.0,0.0,0.0,0.0,0.0,0.0,0.0,0.0,1.0,0.0,0.0,0.0,0.0,1.0,1.0,0.0,0.0,CLgen Kernel,26.910156,26.910156,0,p100
CLgen Kernel,large,58195.0,2.37495,8.00113,2645.0,58195.0,0.0,22.0,27.0,22.0,22.0,27.0,22.0,1.0,1.0,0.0,0.000378072,0.0454506,1.0,1.0,1.0,0.0,0.0,0.0,0.0,0.0,0.0,0.0,0.0,0.0,0.0,0.0,1.0,0.0,0.0,0.0,0.0,1.0,1.0,0.0,0.0,CLgen Kernel,26.734375,26.734375,0,p100
CLgen Kernel,large,58195.0,2.37495,8.00113,2645.0,58195.0,0.0,22.0,27.0,22.0,22.0,27.0,22.0,1.0,1.0,0.0,0.000378072,0.0454506,1.0,1.0,1.0,0.0,0.0,0.0,0.0,0.0,0.0,0.0,0.0,0.0,0.0,0.0,1.0,0.0,0.0,0.0,0.0,1.0,1.0,0.0,0.0,CLgen Kernel,26.253906,26.253906,0,p100
CLgen Kernel,large,58195.0,2.37495,8.00113,2645.0,58195.0,0.0,22.0,27.0,22.0,22.0,27.0,22.0,1.0,1.0,0.0,0.000378072,0.0454506,1.0,1.0,1.0,0.0,0.0,0.0,0.0,0.0,0.0,0.0,0.0,0.0,0.0,0.0,1.0,0.0,0.0,0.0,0.0,1.0,1.0,0.0,0.0,CLgen Kernel,27.148438,27.148438,0,p100
CLgen Kernel,large,58195.0,2.37495,8.00113,2645.0,58195.0,0.0,22.0,27.0,22.0,22.0,27.0,22.0,1.0,1.0,0.0,0.000378072,0.0454506,1.0,1.0,1.0,0.0,0.0,0.0,0.0,0.0,0.0,0.0,0.0,0.0,0.0,0.0,1.0,0.0,0.0,0.0,0.0,1.0,1.0,0.0,0.0,CLgen Kernel,29.328125,29.328125,0,p100
CLgen Kernel,large,58195.0,2.37495,8.00113,2645.0,58195.0,0.0,22.0,27.0,22.0,22.0,27.0,22.0,1.0,1.0,0.0,0.000378072,0.0454506,1.0,1.0,1.0,0.0,0.0,0.0,0.0,0.0,0.0,0.0,0.0,0.0,0.0,0.0,1.0,0.0,0.0,0.0,0.0,1.0,1.0,0.0,0.0,CLgen Kernel,31.019531,31.019531,0,p100
CLgen Kernel,tiny,652800.0,2.33333,12.0,21760.0,652800.0,0.0,30.0,30.0,30.0,30.0,30.0,30.0,1.0,1.0,0.0,4.59559e-05,0.0333333,1.0,1.0,1.0,0.0,0.0,0.0,0.0,0.0,0.0,0.0,0.0,0.0,0.0,0.0,21760.0,0.0,0.0,0.0,0.0,1.0,1.0,0.0,0.0,CLgen Kernel,68.214844,68.214844,0,p100
CLgen Kernel,tiny,652800.0,2.33333,12.0,21760.0,652800.0,0.0,30.0,30.0,30.0,30.0,30.0,30.0,1.0,1.0,0.0,4.59559e-05,0.0333333,1.0,1.0,1.0,0.0,0.0,0.0,0.0,0.0,0.0,0.0,0.0,0.0,0.0,0.0,21760.0,0.0,0.0,0.0,0.0,1.0,1.0,0.0,0.0,CLgen Kernel,73.578125,73.578125,0,p100
CLgen Kernel,tiny,652800.0,2.33333,12.0,21760.0,652800.0,0.0,30.0,30.0,30.0,30.0,30.0,30.0,1.0,1.0,0.0,4.59559e-05,0.0333333,1.0,1.0,1.0,0.0,0.0,0.0,0.0,0.0,0.0,0.0,0.0,0.0,0.0,0.0,21760.0,0.0,0.0,0.0,0.0,1.0,1.0,0.0,0.0,CLgen Kernel,67.074219,67.074219,0,p100
CLgen Kernel,tiny,652800.0,2.33333,12.0,21760.0,652800.0,0.0,30.0,30.0,30.0,30.0,30.0,30.0,1.0,1.0,0.0,4.59559e-05,0.0333333,1.0,1.0,1.0,0.0,0.0,0.0,0.0,0.0,0.0,0.0,0.0,0.0,0.0,0.0,21760.0,0.0,0.0,0.0,0.0,1.0,1.0,0.0,0.0,CLgen Kernel,66.691406,66.691406,0,p100
CLgen Kernel,tiny,652800.0,2.33333,12.0,21760.0,652800.0,0.0,30.0,30.0,30.0,30.0,30.0,30.0,1.0,1.0,0.0,4.59559e-05,0.0333333,1.0,1.0,1.0,0.0,0.0,0.0,0.0,0.0,0.0,0.0,0.0,0.0,0.0,0.0,21760.0,0.0,0.0,0.0,0.0,1.0,1.0,0.0,0.0,CLgen Kernel,66.210938,66.210938,0,p100
CLgen Kernel,tiny,652800.0,2.33333,12.0,21760.0,652800.0,0.0,30.0,30.0,30.0,30.0,30.0,30.0,1.0,1.0,0.0,4.59559e-05,0.0333333,1.0,1.0,1.0,0.0,0.0,0.0,0.0,0.0,0.0,0.0,0.0,0.0,0.0,0.0,21760.0,0.0,0.0,0.0,0.0,1.0,1.0,0.0,0.0,CLgen Kernel,66.042969,66.042969,0,p100
CLgen Kernel,tiny,652800.0,2.33333,12.0,21760.0,652800.0,0.0,30.0,30.0,30.0,30.0,30.0,30.0,1.0,1.0,0.0,4.59559e-05,0.0333333,1.0,1.0,1.0,0.0,0.0,0.0,0.0,0.0,0.0,0.0,0.0,0.0,0.0,0.0,21760.0,0.0,0.0,0.0,0.0,1.0,1.0,0.0,0.0,CLgen Kernel,67.875,67.875,0,p100
CLgen Kernel,tiny,652800.0,2.33333,12.0,21760.0,652800.0,0.0,30.0,30.0,30.0,30.0,30.0,30.0,1.0,1.0,0.0,4.59559e-05,0.0333333,1.0,1.0,1.0,0.0,0.0,0.0,0.0,0.0,0.0,0.0,0.0,0.0,0.0,0.0,21760.0,0.0,0.0,0.0,0.0,1.0,1.0,0.0,0.0,CLgen Kernel,66.375,66.375,0,p100
CLgen Kernel,tiny,652800.0,2.33333,12.0,21760.0,652800.0,0.0,30.0,30.0,30.0,30.0,30.0,30.0,1.0,1.0,0.0,4.59559e-05,0.0333333,1.0,1.0,1.0,0.0,0.0,0.0,0.0,0.0,0.0,0.0,0.0,0.0,0.0,0.0,21760.0,0.0,0.0,0.0,0.0,1.0,1.0,0.0,0.0,CLgen Kernel,65.933594,65.933594,0,p100
CLgen Kernel,tiny,652800.0,2.33333,12.0,21760.0,652800.0,0.0,30.0,30.0,30.0,30.0,30.0,30.0,1.0,1.0,0.0,4.59559e-05,0.0333333,1.0,1.0,1.0,0.0,0.0,0.0,0.0,0.0,0.0,0.0,0.0,0.0,0.0,0.0,21760.0,0.0,0.0,0.0,0.0,1.0,1.0,0.0,0.0,CLgen Kernel,64.9375,64.9375,0,p100
CLgen Kernel,large,79350.0,2.33333,12.0,2645.0,79350.0,0.0,30.0,30.0,30.0,30.0,30.0,30.0,1.0,1.0,0.0,0.000378072,0.0333333,1.0,1.0,1.0,0.0,0.0,0.0,0.0,0.0,0.0,0.0,0.0,0.0,0.0,0.0,2645.0,0.0,0.0,0.0,0.0,1.0,1.0,0.0,0.0,CLgen Kernel,37.039062,37.039062,0,p100
CLgen Kernel,large,79350.0,2.33333,12.0,2645.0,79350.0,0.0,30.0,30.0,30.0,30.0,30.0,30.0,1.0,1.0,0.0,0.000378072,0.0333333,1.0,1.0,1.0,0.0,0.0,0.0,0.0,0.0,0.0,0.0,0.0,0.0,0.0,0.0,2645.0,0.0,0.0,0.0,0.0,1.0,1.0,0.0,0.0,CLgen Kernel,31.074219,31.074219,0,p100
CLgen Kernel,large,79350.0,2.33333,12.0,2645.0,79350.0,0.0,30.0,30.0,30.0,30.0,30.0,30.0,1.0,1.0,0.0,0.000378072,0.0333333,1.0,1.0,1.0,0.0,0.0,0.0,0.0,0.0,0.0,0.0,0.0,0.0,0.0,0.0,2645.0,0.0,0.0,0.0,0.0,1.0,1.0,0.0,0.0,CLgen Kernel,30.820312,30.820312,0,p100
CLgen Kernel,large,79350.0,2.33333,12.0,2645.0,79350.0,0.0,30.0,30.0,30.0,30.0,30.0,30.0,1.0,1.0,0.0,0.000378072,0.0333333,1.0,1.0,1.0,0.0,0.0,0.0,0.0,0.0,0.0,0.0,0.0,0.0,0.0,0.0,2645.0,0.0,0.0,0.0,0.0,1.0,1.0,0.0,0.0,CLgen Kernel,27.027344,27.027344,0,p100
CLgen Kernel,large,79350.0,2.33333,12.0,2645.0,79350.0,0.0,30.0,30.0,30.0,30.0,30.0,30.0,1.0,1.0,0.0,0.000378072,0.0333333,1.0,1.0,1.0,0.0,0.0,0.0,0.0,0.0,0.0,0.0,0.0,0.0,0.0,0.0,2645.0,0.0,0.0,0.0,0.0,1.0,1.0,0.0,0.0,CLgen Kernel,28.460938,28.460938,0,p100
CLgen Kernel,large,79350.0,2.33333,12.0,2645.0,79350.0,0.0,30.0,30.0,30.0,30.0,30.0,30.0,1.0,1.0,0.0,0.000378072,0.0333333,1.0,1.0,1.0,0.0,0.0,0.0,0.0,0.0,0.0,0.0,0.0,0.0,0.0,0.0,2645.0,0.0,0.0,0.0,0.0,1.0,1.0,0.0,0.0,CLgen Kernel,27.324219,27.324219,0,p100
CLgen Kernel,large,79350.0,2.33333,12.0,2645.0,79350.0,0.0,30.0,30.0,30.0,30.0,30.0,30.0,1.0,1.0,0.0,0.000378072,0.0333333,1.0,1.0,1.0,0.0,0.0,0.0,0.0,0.0,0.0,0.0,0.0,0.0,0.0,0.0,2645.0,0.0,0.0,0.0,0.0,1.0,1.0,0.0,0.0,CLgen Kernel,31.855469,31.855469,0,p100
CLgen Kernel,large,79350.0,2.33333,12.0,2645.0,79350.0,0.0,30.0,30.0,30.0,30.0,30.0,30.0,1.0,1.0,0.0,0.000378072,0.0333333,1.0,1.0,1.0,0.0,0.0,0.0,0.0,0.0,0.0,0.0,0.0,0.0,0.0,0.0,2645.0,0.0,0.0,0.0,0.0,1.0,1.0,0.0,0.0,CLgen Kernel,27.300781,27.300781,0,p100
CLgen Kernel,large,79350.0,2.33333,12.0,2645.0,79350.0,0.0,30.0,30.0,30.0,30.0,30.0,30.0,1.0,1.0,0.0,0.000378072,0.0333333,1.0,1.0,1.0,0.0,0.0,0.0,0.0,0.0,0.0,0.0,0.0,0.0,0.0,0.0,2645.0,0.0,0.0,0.0,0.0,1.0,1.0,0.0,0.0,CLgen Kernel,27.851562,27.851562,0,p100
CLgen Kernel,large,79350.0,2.33333,12.0,2645.0,79350.0,0.0,30.0,30.0,30.0,30.0,30.0,30.0,1.0,1.0,0.0,0.000378072,0.0333333,1.0,1.0,1.0,0.0,0.0,0.0,0.0,0.0,0.0,0.0,0.0,0.0,0.0,0.0,2645.0,0.0,0.0,0.0,0.0,1.0,1.0,0.0,0.0,CLgen Kernel,36.664062,36.664062,0,p100
CLgen Kernel,tiny,718080.0,2.13333,15.0,21760.0,718080.0,0.0,33.0,33.0,33.0,33.0,33.0,33.0,1.0,1.0,0.0,4.59559e-05,0.030303,1.0,1.0,1.0,0.0,0.0,0.0,0.0,0.0,0.0,0.0,0.0,0.0,0.0,0.0,43520.0,0.0,0.0,0.0,0.0,0.0,0.0,0.0,0.0,CLgen Kernel,78.324219,78.324219,0,p100
CLgen Kernel,tiny,718080.0,2.13333,15.0,21760.0,718080.0,0.0,33.0,33.0,33.0,33.0,33.0,33.0,1.0,1.0,0.0,4.59559e-05,0.030303,1.0,1.0,1.0,0.0,0.0,0.0,0.0,0.0,0.0,0.0,0.0,0.0,0.0,0.0,43520.0,0.0,0.0,0.0,0.0,0.0,0.0,0.0,0.0,CLgen Kernel,76.199219,76.199219,0,p100
CLgen Kernel,tiny,718080.0,2.13333,15.0,21760.0,718080.0,0.0,33.0,33.0,33.0,33.0,33.0,33.0,1.0,1.0,0.0,4.59559e-05,0.030303,1.0,1.0,1.0,0.0,0.0,0.0,0.0,0.0,0.0,0.0,0.0,0.0,0.0,0.0,43520.0,0.0,0.0,0.0,0.0,0.0,0.0,0.0,0.0,CLgen Kernel,68.796875,68.796875,0,p100
CLgen Kernel,tiny,718080.0,2.13333,15.0,21760.0,718080.0,0.0,33.0,33.0,33.0,33.0,33.0,33.0,1.0,1.0,0.0,4.59559e-05,0.030303,1.0,1.0,1.0,0.0,0.0,0.0,0.0,0.0,0.0,0.0,0.0,0.0,0.0,0.0,43520.0,0.0,0.0,0.0,0.0,0.0,0.0,0.0,0.0,CLgen Kernel,76.0625,76.0625,0,p100
CLgen Kernel,tiny,718080.0,2.13333,15.0,21760.0,718080.0,0.0,33.0,33.0,33.0,33.0,33.0,33.0,1.0,1.0,0.0,4.59559e-05,0.030303,1.0,1.0,1.0,0.0,0.0,0.0,0.0,0.0,0.0,0.0,0.0,0.0,0.0,0.0,43520.0,0.0,0.0,0.0,0.0,0.0,0.0,0.0,0.0,CLgen Kernel,75.582031,75.582031,0,p100
CLgen Kernel,tiny,718080.0,2.13333,15.0,21760.0,718080.0,0.0,33.0,33.0,33.0,33.0,33.0,33.0,1.0,1.0,0.0,4.59559e-05,0.030303,1.0,1.0,1.0,0.0,0.0,0.0,0.0,0.0,0.0,0.0,0.0,0.0,0.0,0.0,43520.0,0.0,0.0,0.0,0.0,0.0,0.0,0.0,0.0,CLgen Kernel,75.460938,75.460938,0,p100
CLgen Kernel,tiny,718080.0,2.13333,15.0,21760.0,718080.0,0.0,33.0,33.0,33.0,33.0,33.0,33.0,1.0,1.0,0.0,4.59559e-05,0.030303,1.0,1.0,1.0,0.0,0.0,0.0,0.0,0.0,0.0,0.0,0.0,0.0,0.0,0.0,43520.0,0.0,0.0,0.0,0.0,0.0,0.0,0.0,0.0,CLgen Kernel,75.777344,75.777344,0,p100
CLgen Kernel,tiny,718080.0,2.13333,15.0,21760.0,718080.0,0.0,33.0,33.0,33.0,33.0,33.0,33.0,1.0,1.0,0.0,4.59559e-05,0.030303,1.0,1.0,1.0,0.0,0.0,0.0,0.0,0.0,0.0,0.0,0.0,0.0,0.0,0.0,43520.0,0.0,0.0,0.0,0.0,0.0,0.0,0.0,0.0,CLgen Kernel,74.707031,74.707031,0,p100
CLgen Kernel,tiny,718080.0,2.13333,15.0,21760.0,718080.0,0.0,33.0,33.0,33.0,33.0,33.0,33.0,1.0,1.0,0.0,4.59559e-05,0.030303,1.0,1.0,1.0,0.0,0.0,0.0,0.0,0.0,0.0,0.0,0.0,0.0,0.0,0.0,43520.0,0.0,0.0,0.0,0.0,0.0,0.0,0.0,0.0,CLgen Kernel,66.921875,66.921875,0,p100
CLgen Kernel,tiny,718080.0,2.13333,15.0,21760.0,718080.0,0.0,33.0,33.0,33.0,33.0,33.0,33.0,1.0,1.0,0.0,4.59559e-05,0.030303,1.0,1.0,1.0,0.0,0.0,0.0,0.0,0.0,0.0,0.0,0.0,0.0,0.0,0.0,43520.0,0.0,0.0,0.0,0.0,0.0,0.0,0.0,0.0,CLgen Kernel,75.492188,75.492188,0,p100
CLgen Kernel,large,87285.0,2.13333,15.0,2645.0,87285.0,0.0,33.0,33.0,33.0,33.0,33.0,33.0,1.0,1.0,0.0,0.000378072,0.030303,1.0,1.0,1.0,0.0,0.0,0.0,0.0,0.0,0.0,0.0,0.0,0.0,0.0,0.0,5290.0,0.0,0.0,0.0,0.0,0.0,0.0,0.0,0.0,CLgen Kernel,37.285156,37.285156,0,p100
CLgen Kernel,large,87285.0,2.13333,15.0,2645.0,87285.0,0.0,33.0,33.0,33.0,33.0,33.0,33.0,1.0,1.0,0.0,0.000378072,0.030303,1.0,1.0,1.0,0.0,0.0,0.0,0.0,0.0,0.0,0.0,0.0,0.0,0.0,0.0,5290.0,0.0,0.0,0.0,0.0,0.0,0.0,0.0,0.0,CLgen Kernel,37.410156,37.410156,0,p100
CLgen Kernel,large,87285.0,2.13333,15.0,2645.0,87285.0,0.0,33.0,33.0,33.0,33.0,33.0,33.0,1.0,1.0,0.0,0.000378072,0.030303,1.0,1.0,1.0,0.0,0.0,0.0,0.0,0.0,0.0,0.0,0.0,0.0,0.0,0.0,5290.0,0.0,0.0,0.0,0.0,0.0,0.0,0.0,0.0,CLgen Kernel,36.816406,36.816406,0,p100
CLgen Kernel,large,87285.0,2.13333,15.0,2645.0,87285.0,0.0,33.0,33.0,33.0,33.0,33.0,33.0,1.0,1.0,0.0,0.000378072,0.030303,1.0,1.0,1.0,0.0,0.0,0.0,0.0,0.0,0.0,0.0,0.0,0.0,0.0,0.0,5290.0,0.0,0.0,0.0,0.0,0.0,0.0,0.0,0.0,CLgen Kernel,36.199219,36.199219,0,p100
CLgen Kernel,large,87285.0,2.13333,15.0,2645.0,87285.0,0.0,33.0,33.0,33.0,33.0,33.0,33.0,1.0,1.0,0.0,0.000378072,0.030303,1.0,1.0,1.0,0.0,0.0,0.0,0.0,0.0,0.0,0.0,0.0,0.0,0.0,0.0,5290.0,0.0,0.0,0.0,0.0,0.0,0.0,0.0,0.0,CLgen Kernel,36.890625,36.890625,0,p100
CLgen Kernel,large,87285.0,2.13333,15.0,2645.0,87285.0,0.0,33.0,33.0,33.0,33.0,33.0,33.0,1.0,1.0,0.0,0.000378072,0.030303,1.0,1.0,1.0,0.0,0.0,0.0,0.0,0.0,0.0,0.0,0.0,0.0,0.0,0.0,5290.0,0.0,0.0,0.0,0.0,0.0,0.0,0.0,0.0,CLgen Kernel,37.6875,37.6875,0,p100
CLgen Kernel,large,87285.0,2.13333,15.0,2645.0,87285.0,0.0,33.0,33.0,33.0,33.0,33.0,33.0,1.0,1.0,0.0,0.000378072,0.030303,1.0,1.0,1.0,0.0,0.0,0.0,0.0,0.0,0.0,0.0,0.0,0.0,0.0,0.0,5290.0,0.0,0.0,0.0,0.0,0.0,0.0,0.0,0.0,CLgen Kernel,30.839844,30.839844,0,p100
CLgen Kernel,large,87285.0,2.13333,15.0,2645.0,87285.0,0.0,33.0,33.0,33.0,33.0,33.0,33.0,1.0,1.0,0.0,0.000378072,0.030303,1.0,1.0,1.0,0.0,0.0,0.0,0.0,0.0,0.0,0.0,0.0,0.0,0.0,0.0,5290.0,0.0,0.0,0.0,0.0,0.0,0.0,0.0,0.0,CLgen Kernel,30.773438,30.773438,0,p100
CLgen Kernel,large,87285.0,2.13333,15.0,2645.0,87285.0,0.0,33.0,33.0,33.0,33.0,33.0,33.0,1.0,1.0,0.0,0.000378072,0.030303,1.0,1.0,1.0,0.0,0.0,0.0,0.0,0.0,0.0,0.0,0.0,0.0,0.0,0.0,5290.0,0.0,0.0,0.0,0.0,0.0,0.0,0.0,0.0,CLgen Kernel,31.496094,31.496094,0,p100
CLgen Kernel,large,87285.0,2.13333,15.0,2645.0,87285.0,0.0,33.0,33.0,33.0,33.0,33.0,33.0,1.0,1.0,0.0,0.000378072,0.030303,1.0,1.0,1.0,0.0,0.0,0.0,0.0,0.0,0.0,0.0,0.0,0.0,0.0,0.0,5290.0,0.0,0.0,0.0,0.0,0.0,0.0,0.0,0.0,CLgen Kernel,38.667969,38.667969,0,p100
